airbnb_listing_id,number_of_bedrooms,number_of_bathrooms,number_of_guests,listing_type,owner_id,suburb_norm,perfil,noites,receita_bruta,adr,adr_mediana,data_min,data_max,receita_anual_potencial,receita_anual_60,is_superhost
991407580891691701,3,2.0,6,apartamento,227777128,Meia Praia,3q+,67,110763.4167,683.7247944444445,627.0,2025-01-20,2025-04-20,249559.54997222222,149735.72998333332,False
41193865,3,2.0,7,apartamento,311642729,Meia Praia,3q+,74,62457.5,410.9046052631579,400.0,2025-01-15,2025-04-20,149980.18092105264,89988.10855263159,False
45973790,2,2.0,4,apartamento,145049953,Meia Praia,2q,101,168901.8337,652.130632046332,657.0,2025-01-06,2025-04-20,238027.6806969112,142816.60841814673,True
40899047,2,2.0,6,apartamento,318589301,Meia Praia,2q,37,11007.0,297.4864864864865,290.0,2025-02-24,2025-04-07,108582.56756756757,65149.54054054054,True
15980108,4,3.0,10,apartamento,103820177,Meia Praia,3q+,39,58500.0,1500.0,1500.0,2025-02-09,2025-04-07,547500.0,328500.0,False
1023885231203292759,1,1.0,4,apartamento,272771814,Meia Praia,Studio/1q,80,105722.33332,520.7996715270937,490.0,2025-01-26,2025-04-20,190091.88010738918,114055.1280644335,True
8936081,2,2.0,5,apartamento,46714863,Meia Praia,2q,27,13312.0,493.037037037037,460.0,2025-02-28,2025-04-06,179958.5185185185,107975.11111111111,False
787847078680683474,2,2.0,6,apartamento,491824858,Tabuleiro Dos Oliveiras,2q,63,58760.0,389.13907284768214,330.0,2025-01-11,2025-04-20,142035.761589404,85221.4569536424,False
768032727158094436,3,2.0,7,apartamento,478531409,Meia Praia,3q+,18,21600.0,1200.0,1200.0,2025-03-19,2025-04-05,438000.0,262800.0,True
1184152596221501552,1,1.0,4,apartamento,227777128,Centro,Studio/1q,81,117838.6668,598.165821319797,601.0,2025-01-22,2025-04-20,218330.52478172592,130998.31486903554,False
24171739,3,2.0,8,apartamento,157399374,Meia Praia,3q+,31,25293.0,451.6607142857143,416.0,2025-03-01,2025-04-16,164856.1607142857,98913.69642857142,True
822365439954007216,3,3.0,8,apartamento,500157182,Meia Praia,3q+,80,137463.5,723.4921052631579,730.5,2025-01-13,2025-04-20,264074.61842105264,158444.77105263158,True
45780750,3,2.0,6,apartamento,162121775,Meia Praia,3q+,12,10200.0,850.0,850.0,2025-04-08,2025-04-19,310250.0,186150.0,False
21280090,3,2.0,8,apartamento,61447280,Meia Praia,3q+,64,130500.25,825.9509493670886,850.0,2025-01-16,2025-04-20,301472.0965189873,180883.2579113924,True
673825002694927178,3,4.0,8,apartamento,157399374,Meia Praia,3q+,42,87560.0,796.0,784.0,2025-01-27,2025-03-31,290540.0,174324.0,True
970445468070597218,2,1.0,6,apartamento,534893779,Morretes,2q,2,1140.0,570.0,570.0,2025-01-07,2025-01-08,208050.0,124830.0,False
639163267116212627,1,1.0,2,outros,13675693,Tabuleiro Dos Oliveiras,Studio/1q,8,800.0,100.0,100.0,2025-01-20,2025-01-30,36500.0,21900.0,True
44890294,3,2.0,7,apartamento,220836478,Meia Praia,3q+,2,2000.0,1000.0,1000.0,2025-02-10,2025-02-11,365000.0,219000.0,True
15732070,3,3.0,6,apartamento,101640501,Meia Praia,3q+,63,76966.8333,769.668333,766.5,2025-01-28,2025-03-31,280928.941545,168557.364927,True
984846668146064982,4,5.0,10,casa,535450839,Ilhota,3q+,53,154263.1663,1021.6103728476822,974.3333,2025-01-15,2025-03-08,372887.786089404,223732.6716536424,False
29114516,3,2.0,5,apartamento,217616073,Meia Praia,3q+,36,29530.5,364.5740740740741,400.0,2025-02-17,2025-04-20,133069.53703703705,79841.72222222223,False
1111626053814730010,3,2.0,6,apartamento,227777128,Centro,3q+,70,123164.5,716.0726744186046,612.0,2025-01-31,2025-04-20,261366.5261627907,156819.9156976744,False
12067632,3,3.0,8,apartamento,31482608,Meia Praia,3q+,34,53361.8667,721.1063067567568,720.0,2025-02-14,2025-03-31,263203.80196621624,157922.28117972973,False
23078040,3,2.0,7,apartamento,171346802,Meia Praia,3q+,54,41800.0,774.074074074074,800.0,2025-02-09,2025-04-19,282537.037037037,169522.22222222222,True
42515348,4,3.0,12,apartamento,152893116,Meia Praia,3q+,32,52950.0,840.4761904761905,900.0,2025-02-18,2025-04-07,306773.8095238095,184064.2857142857,True
805381324514930766,3,2.0,8,apartamento,157078457,Meia Praia,3q+,32,25065.83332,783.30729125,750.0,2025-02-21,2025-04-05,285907.16130625,171544.29678375,True
42735835,2,2.0,5,apartamento,57580549,Meia Praia,2q,11,8217.0,249.0,200.0,2025-01-28,2025-04-06,90885.0,54531.0,True
30785010,2,2.0,6,apartamento,157541365,Meia Praia,2q,58,72954.5,524.8525179856115,430.0,2025-01-10,2025-04-20,191571.1690647482,114942.7014388489,False
805726391815686158,2,2.0,5,apartamento,496386492,Tabuleiro Dos Oliveiras,2q,57,52596.0,389.6,399.0,2025-01-12,2025-04-17,142204.0,85322.4,False
1320995339425720277,2,1.0,4,apartamento,227777128,Centro,2q,87,149993.8001,742.5435648514851,672.0,2025-01-12,2025-04-20,271028.40117079206,162617.04070247523,False
48526011,3,2.0,10,casa,230839862,Morretes,3q+,65,36184.3333,556.6820507692307,500.0,2025-01-18,2025-04-05,203188.9485307692,121913.36911846152,False
1188476386889166335,1,2.0,4,apartamento,227777128,Centro,Studio/1q,79,115760.9167,599.7974958549223,607.0,2025-01-10,2025-04-20,218926.08598704665,131355.65159222798,False
36698654,4,4.0,12,apartamento,274071036,Meia Praia,3q+,79,155203.0,1964.5949367088608,1900.0,2025-01-18,2025-04-06,717077.1518987342,430246.2911392405,False
965258538716677226,1,1.0,2,casa,533685568,None,Studio/1q,86,53724.0,624.6976744186046,590.0,2025-01-08,2025-04-05,228014.6511627907,136808.7906976744,True
939218400123538892,2,1.0,5,apartamento,228415150,Casa Branca,2q,34,15100.0,444.11764705882354,350.0,2025-02-22,2025-03-27,162102.9411764706,97261.76470588236,False
21545686,2,1.0,5,apartamento,153296376,Centro,2q,72,57877.3,321.54055555555556,269.0,2025-02-03,2025-04-20,117362.30277777778,70417.38166666667,True
30494198,3,2.0,7,apartamento,27561390,Meia Praia,3q+,89,98408.0,470.85167464114835,520.0,2025-01-06,2025-04-19,171860.86124401915,103116.5167464115,False
999226382307972271,2,2.0,5,apartamento,357806736,Morretes,2q,85,105934.5,466.67180616740086,500.0,2025-01-20,2025-04-20,170335.2092511013,102201.12555066078,True
809946874989632205,1,1.0,2,casa,497357882,Sertao Do Trombudo,Studio/1q,75,28500.5,380.00666666666666,370.0,2025-01-20,2025-04-20,138702.43333333332,83221.45999999999,True
1304433283397417052,2,2.0,6,apartamento,227777128,Morretes,2q,66,188010.5,1105.9441176470589,967.25,2025-01-14,2025-04-20,403669.6029411765,242201.76176470588,False
802047490248101970,2,2.0,6,apartamento,442511487,Meia Praia,2q,42,21382.0,251.5529411764706,250.0,2025-03-10,2025-04-20,91816.82352941176,55090.09411764706,True
32234626,3,2.0,6,casa,28990103,Meia Praia,3q+,38,15290.0,402.36842105263156,380.0,2025-02-03,2025-04-06,146864.47368421053,88118.68421052632,True
1242713378625026725,1,1.0,4,apartamento,227777128,Centro,Studio/1q,83,131213.3332,636.9579281553398,660.0,2025-01-15,2025-04-20,232489.64377669903,139493.78626601942,False
1056827534457537585,2,1.0,4,casa,553225393,Morretes,2q,92,84560.41669,359.8315603829787,349.0,2025-01-19,2025-04-20,131338.51953978723,78803.11172387234,True
23343001,3,3.0,8,apartamento,173888569,Meia Praia,3q+,71,119953.0,568.4976303317535,600.0,2025-01-20,2025-03-31,207501.63507109002,124500.981042654,False
22739656,3,2.0,8,apartamento,156213686,Meia Praia,3q+,74,225101.6668,1243.655617679558,1280.0,2025-01-24,2025-04-20,453934.30045303865,272360.58027182316,False
37153670,3,2.0,8,apartamento,102285747,Meia Praia,3q+,53,20500.5,386.8018867924528,400.0,2025-01-25,2025-04-19,141182.68867924527,84709.61320754715,False
53280496,3,2.0,7,apartamento,160830266,Centro,3q+,35,23403.16666,383.65846983606554,380.0,2025-03-09,2025-04-20,140035.34149016393,84021.20489409835,False
22245880,3,3.0,8,apartamento,66106937,Meia Praia,3q+,72,226839.334,1334.3490235294119,1220.5,2025-01-25,2025-04-20,487037.3935882353,292222.4361529412,False
1057964852411462810,2,3.0,5,casa,119300619,Morretes,2q,77,69935.0,342.8186274509804,300.0,2025-02-03,2025-04-20,125128.79901960785,75077.2794117647,True
837846012155525926,3,2.0,9,apartamento,503099931,Meia Praia,3q+,44,18100.0,411.3636363636364,400.0,2025-02-17,2025-04-05,150147.72727272726,90088.63636363635,False
39109062,4,4.0,12,apartamento,298545921,Meia Praia,3q+,74,292482.6664,1499.9111097435896,1400.0,2025-01-29,2025-04-20,547467.5550564101,328480.53303384606,False
803403468437987911,1,1.0,2,casa,494072726,Morretes,Studio/1q,73,27539.0,377.24657534246575,371.0,2025-01-08,2025-04-05,137695.0,82617.0,True
27704027,3,3.0,14,apartamento,131316335,Centro,3q+,84,165398.1666,751.8098481818182,800.0,2025-01-27,2025-04-20,274410.59458636364,164646.35675181818,False
44192417,2,2.0,7,apartamento,106268855,Meia Praia,2q,39,13251.0,339.7692307692308,310.0,2025-01-14,2025-04-07,124015.76923076923,74409.46153846153,False
673826204715344716,3,4.0,8,apartamento,157399374,Meia Praia,3q+,53,124136.3168,947.6054717557251,1058.0,2025-01-21,2025-03-31,345875.99719083967,207525.5983145038,True
1192836728602105901,1,1.0,4,apartamento,227777128,Centro,Studio/1q,77,112442.7501,594.9351857142857,600.0,2025-01-14,2025-04-20,217151.34278571428,130290.80567142856,False
53899162,2,1.0,7,apartamento,407965480,Meia Praia,2q,72,21471.0,298.2083333333333,290.0,2025-01-11,2025-04-07,108846.04166666666,65307.62499999999,True
35912580,3,2.0,8,apartamento,179577819,Meia Praia,3q+,38,12457.0,327.8157894736842,350.0,2025-03-05,2025-04-20,119652.76315789473,71791.65789473684,False
753461577197808016,3,2.0,6,apartamento,151714702,Meia Praia,3q+,73,179504.5,875.6317073170732,980.0,2025-01-11,2025-03-31,319605.5731707317,191763.34390243902,True
16527828,4,3.0,8,apartamento,108700429,Meia Praia,3q+,87,91854.0,1055.7931034482758,1050.0,2025-01-24,2025-04-20,385364.4827586207,231218.6896551724,False
16270332,4,2.0,11,casa,53704251,Centro,3q+,54,48400.0,896.2962962962963,900.0,2025-01-16,2025-03-10,327148.14814814815,196288.88888888888,True
41888100,2,2.0,6,apartamento,10550294,Meia Praia,2q,78,43130.0333,552.9491448717949,531.0,2025-01-29,2025-04-16,201826.43787820515,121095.86272692308,True
1268889705366032062,2,2.0,6,casa,445858382,Morretes,2q,65,128648.0,1005.0625,1000.0,2025-01-06,2025-04-07,366847.8125,220108.6875,False
816613605644920543,4,5.0,12,casa,498882584,Centro,3q+,92,317100.0,1969.5652173913043,2100.0,2025-01-08,2025-04-17,718891.304347826,431334.7826086956,False
53240300,3,3.0,14,apartamento,162244623,Meia Praia,3q+,79,203755.0001,1003.719212315271,990.0,2025-01-07,2025-04-20,366357.5124950739,219814.50749704434,False
52627650,1,1.0,3,apartamento,362289299,Morretes,Studio/1q,12,4283.5,356.9583333333333,350.0,2025-01-21,2025-02-01,130289.79166666666,78173.87499999999,False
8838629,3,2.0,15,apartamento,46288679,Morretes,3q+,66,128873.6666,781.0525248484848,650.0,2025-01-21,2025-04-17,285084.171569697,171050.50294181818,True
813090046454458015,1,1.0,2,casa,497357882,Sertao Do Trombudo,Studio/1q,84,32630.0,388.45238095238096,390.0,2025-01-23,2025-04-20,141785.11904761905,85071.07142857143,True
873260132509992833,2,2.0,6,apartamento,168778857,Morretes,2q,13,10471.0,402.7307692307692,400.0,2025-02-15,2025-02-27,146996.73076923078,88198.03846153847,True
613221032690703355,3,3.0,8,apartamento,456024308,Meia Praia,3q+,48,78204.1666,737.7751566037736,801.0,2025-01-23,2025-04-17,269287.9321603773,161572.7592962264,True
839184834439414765,1,1.0,2,outros,143336765,Meia Praia,Studio/1q,42,6498.0,154.71428571428572,150.0,2025-01-31,2025-04-20,56470.71428571429,33882.42857142857,False
29341170,2,1.0,5,apartamento,130014999,Casa Branca,2q,46,18804.0,408.7826086956522,349.0,2025-01-29,2025-03-31,149205.65217391305,89523.39130434782,False
42588365,3,2.0,6,apartamento,57580549,Meia Praia,3q+,43,45346.16666,427.79402509433964,390.0,2025-03-07,2025-04-18,156144.81915943397,93686.89149566038,True
667324814851452653,3,3.0,12,apartamento,106330361,Meia Praia,3q+,67,150401.0,884.7117647058824,875.0,2025-01-31,2025-04-20,322919.79411764705,193751.87647058823,False
50243281,3,3.0,6,apartamento,299061122,Meia Praia,3q+,35,17976.0,513.6,467.0,2025-01-27,2025-04-06,187464.0,112478.4,False
22428497,2,1.0,4,casa,84154181,Meia Praia,2q,40,11960.0,299.0,299.0,2025-02-03,2025-04-06,109135.0,65481.0,False
23390752,7,3.0,13,casa,165252580,Tabuleiro Dos Oliveiras,3q+,78,107429.0,1377.2948717948718,1350.0,2025-01-20,2025-04-07,502712.6282051282,301627.5769230769,False
1188339469325210376,1,1.0,4,apartamento,227777128,Centro,Studio/1q,73,112405.7501,604.3319897849462,601.0,2025-01-12,2025-04-20,220581.1762715054,132348.70576290324,False
16992951,3,2.0,8,apartamento,101612155,Centro,3q+,71,110934.0,644.9651162790698,500.0,2025-01-21,2025-04-20,235412.26744186046,141247.36046511628,True
53796581,4,4.0,12,apartamento,141152570,Morretes,3q+,58,64760.0,1116.551724137931,1000.0,2025-01-06,2025-04-06,407541.3793103448,244524.82758620687,False
53671997,2,2.0,6,apartamento,62167711,Meia Praia,2q,23,10388.0,451.6521739130435,300.0,2025-03-01,2025-04-07,164853.04347826086,98911.82608695651,True
910707550951342167,4,4.0,8,apartamento,317935811,Meia Praia,3q+,2,4000.0,2000.0,2000.0,2025-04-06,2025-04-07,730000.0,438000.0,False
787606557854537606,2,2.0,6,apartamento,284732986,Meia Praia,2q,65,40696.8335,626.1051307692308,584.6667,2025-01-16,2025-03-31,228528.37273076922,137117.0236384615,True
32592683,4,3.0,12,casa,244969913,Morretes,3q+,56,145993.5,1149.5551181102362,1000.0,2025-01-22,2025-04-20,419587.6181102362,251752.5708661417,False
753566944813003124,1,2.0,3,apartamento,23425701,Centro,Studio/1q,96,113640.4,571.0572864321608,550.0,2025-01-15,2025-04-20,208435.9095477387,125061.54572864322,True
47891397,3,2.0,6,apartamento,386044528,Meia Praia,3q+,81,74154.57149,514.9623020138889,548.7857,2025-01-13,2025-04-20,187961.24023506945,112776.74414104166,False
2951220,3,2.0,5,apartamento,14523291,Tabuleiro Dos Oliveiras,3q+,85,67121.75,789.6676470588235,670.0,2025-01-26,2025-04-20,288228.6911764706,172937.21470588236,True
50085393,3,2.0,11,apartamento,404012447,Meia Praia,3q+,21,26900.0,640.4761904761905,650.0,2025-01-28,2025-02-27,233773.80952380953,140264.2857142857,True
16451544,3,2.0,6,apartamento,107912956,Centro,3q+,31,33000.0,500.0,500.0,2025-03-05,2025-04-20,182500.0,109500.0,False
28987242,4,2.0,10,apartamento,157642052,Meia Praia,3q+,28,30373.0,646.2340425531914,507.0,2025-03-01,2025-04-16,235875.42553191487,141525.2553191489,True
1075503699104403085,4,3.0,12,apartamento,519527555,Meia Praia,3q+,69,68721.8,995.968115942029,800.0,2025-02-11,2025-04-20,363528.3623188406,218117.01739130434,False
29800671,3,2.0,8,apartamento,22398457,Meia Praia,3q+,75,84375.3334,615.8783459854014,596.0,2025-01-21,2025-04-20,224795.5962846715,134877.3577708029,True
15980018,2,2.0,5,apartamento,44156806,Centro,2q,22,15600.0,400.0,400.0,2025-03-30,2025-04-20,146000.0,87600.0,True
705946468067026302,2,2.0,6,apartamento,151279792,Meia Praia,2q,60,77340.0,486.41509433962267,430.0,2025-01-28,2025-04-17,177541.5094339623,106524.90566037736,True
23023313,2,1.0,6,apartamento,149410057,Morretes,2q,68,97192.5,549.1101694915254,650.0,2025-01-22,2025-04-19,200425.21186440677,120255.12711864406,False
1183418487997408853,1,1.0,4,apartamento,227777128,Centro,Studio/1q,63,95543.8334,597.14895875,575.0,2025-01-29,2025-04-20,217959.36994375,130775.62196625,False
1053625763515857065,2,2.0,5,apartamento,492426050,Meia Praia,2q,72,35625.5834,494.7997694444445,450.0,2025-02-05,2025-04-20,180601.91584722223,108361.14950833334,True
46690986,3,2.0,8,apartamento,377357657,Meia Praia,3q+,91,119689.0,1315.2637362637363,1299.0,2025-01-06,2025-04-06,480071.26373626373,288042.7582417582,False
22307401,2,2.0,6,apartamento,163073391,Meia Praia,2q,27,10940.0,405.18518518518516,400.0,2025-02-24,2025-04-06,147892.59259259258,88735.55555555555,False
1219655958873769070,2,2.0,6,apartamento,227777128,Centro,2q,84,137577.6667,709.1632304123711,660.16665,2025-01-21,2025-04-20,258844.57910051546,155306.74746030927,False
39059902,3,2.0,8,apartamento,265470211,Meia Praia,3q+,78,46742.0,599.2564102564103,750.0,2025-01-10,2025-04-07,218728.58974358975,131237.15384615384,False
1313064371372817918,1,1.0,4,apartamento,227777128,Centro,Studio/1q,98,245960.0,976.031746031746,880.0,2025-01-09,2025-04-20,356251.5873015873,213750.95238095237,False
31115702,2,1.0,7,apartamento,232534010,Meia Praia,2q,46,15597.5,339.07608695652175,300.0,2025-02-02,2025-04-07,123762.77173913043,74257.66304347826,True
996227938456591020,2,2.0,6,apartamento,117763717,Tabuleiro Dos Oliveiras,2q,73,24348.0,333.5342465753425,350.0,2025-01-28,2025-04-20,121740.0,73044.0,True
42180312,1,1.0,4,casa,186585666,Jardim Praiamar,Studio/1q,60,11692.0,194.86666666666667,200.0,2025-01-27,2025-04-07,71126.33333333334,42675.8,True
50535771,3,2.0,6,apartamento,317532674,Centro,3q+,44,27750.0,630.6818181818181,650.0,2025-01-11,2025-04-06,230198.86363636362,138119.31818181818,False
796481545034280714,2,2.0,4,apartamento,407380231,Centro,2q,74,130915.0,667.9336734693877,580.0,2025-01-17,2025-04-20,243795.7908163265,146277.4744897959,False
22223346,2,2.0,6,apartamento,162389169,Meia Praia,2q,28,16583.0,592.25,590.0,2025-02-23,2025-04-06,216171.25,129702.75,False
1318315111310867765,2,2.0,4,apartamento,457315062,Morretes,2q,81,60972.8333,752.7510283950617,700.0,2025-01-29,2025-04-19,274754.12536419753,164852.47521851852,True
748336742434217963,2,1.0,6,apartamento,163503547,Meia Praia,2q,44,48070.0,457.8095238095238,450.0,2025-01-21,2025-04-20,167100.47619047618,100260.28571428571,True
40971559,3,2.0,8,apartamento,319406007,Meia Praia,3q+,34,64628.0,751.4883720930233,800.0,2025-01-29,2025-03-12,274293.25581395347,164575.95348837206,True
41473656,4,3.0,10,apartamento,80260531,Meia Praia,3q+,23,42012.1834,724.3479896551725,700.0,2025-03-10,2025-04-12,264387.016224138,158632.20973448278,True
902324773092897293,3,2.0,6,apartamento,327796301,Meia Praia,3q+,13,28407.5,1235.108695652174,1250.0,2025-01-09,2025-01-23,450814.6739130435,270488.8043478261,True
12490354,3,2.0,6,apartamento,67622278,Centro,3q+,63,47155.9774,748.5075777777778,749.0,2025-02-02,2025-04-05,273205.2658888889,163923.15953333335,True
731853350375474350,2,2.0,6,apartamento,356647485,Morretes,2q,34,23987.5,705.5147058823529,700.0,2025-01-25,2025-04-20,257512.86764705883,154507.7205882353,False
725205326528652381,3,2.0,7,casa,481247844,Meia Praia,3q+,5,3000.0,600.0,600.0,2025-01-27,2025-01-31,219000.0,131400.0,True
47802450,2,1.0,5,casa,194347953,Ilhota,2q,29,6089.0,209.9655172413793,210.0,2025-02-25,2025-04-09,76637.41379310345,45982.448275862065,True
53738511,2,1.0,5,apartamento,25984866,Meia Praia,2q,64,89472.0,466.0,466.0,2025-01-27,2025-03-31,170090.0,102054.0,True
963916345061155113,3,3.0,13,apartamento,378513320,Meia Praia,3q+,35,142886.8501,1360.827143809524,1460.0,2025-02-01,2025-03-31,496701.9074904762,298021.1444942857,True
1247028916537033972,4,6.0,12,casa,227595936,Centro,3q+,75,132133.0,1761.7733333333333,1700.0,2025-01-12,2025-04-07,643047.2666666666,385828.3599999999,False
1274055523929375490,1,1.0,2,apartamento,227777128,Meia Praia,Studio/1q,91,135945.4167,606.8991816964286,545.0,2025-01-08,2025-04-20,221518.20131919644,132910.92079151786,False
1083301106167776779,3,2.0,8,apartamento,556178978,Morretes,3q+,30,34200.0,481.6901408450704,477.0,2025-03-06,2025-04-16,175816.9014084507,105490.14084507042,True
46990438,2,3.0,6,apartamento,147977024,Centro,2q,60,92488.2,531.5413793103448,600.0,2025-01-31,2025-03-31,194012.60344827586,116407.5620689655,False
45513430,3,2.0,8,apartamento,346468115,Meia Praia,3q+,89,69680.0,782.9213483146067,780.0,2025-01-22,2025-04-20,285766.2921348314,171459.77528089884,False
1315954985293478319,1,1.0,4,apartamento,227777128,Centro,Studio/1q,102,211030.0,811.6538461538462,950.0,2025-01-09,2025-04-20,296253.6538461539,177752.1923076923,False
850931966820064700,3,3.0,7,apartamento,55677212,Meia Praia,3q+,59,106456.0001,812.6412221374046,720.0,2025-01-27,2025-04-20,296614.0460801527,177968.4276480916,True
23779860,3,2.0,12,apartamento,178410302,Meia Praia,3q+,32,13000.0,406.25,300.0,2025-01-25,2025-04-17,148281.25,88968.75,False
53733977,2,2.0,4,apartamento,8792221,Meia Praia,2q,38,41123.0,419.6224489795918,350.0,2025-01-16,2025-03-31,153162.193877551,91897.3163265306,True
31059537,3,2.0,8,apartamento,232011444,Centro,3q+,78,150810.4164,837.8356466666665,830.25,2025-01-11,2025-04-16,305810.0110333333,183486.00661999997,True
670778657683556451,3,4.0,8,apartamento,157399374,Meia Praia,3q+,41,91490.2857,905.8444128712871,744.0,2025-01-22,2025-03-31,330633.2106980198,198379.92641881187,True
1191386301072209798,1,1.0,4,apartamento,227777128,Centro,Studio/1q,73,106767.8334,593.15463,600.0,2025-01-19,2025-04-17,216501.43995,129900.86396999999,False
1208757710030861160,1,1.0,2,apartamento,227777128,Centro,Studio/1q,87,80194.6667,389.2944985436893,372.0,2025-01-24,2025-04-20,142092.4919684466,85255.49518106795,False
47172145,3,3.0,9,apartamento,337026052,Centro,3q+,74,112838.9999,623.4198889502762,700.0,2025-01-13,2025-04-19,227548.2594668508,136528.9556801105,False
40892344,3,2.0,8,apartamento,318477256,Meia Praia,3q+,60,62809.8,424.39054054054054,419.0,2025-01-27,2025-04-20,154902.5472972973,92941.52837837838,True
795757968903961791,2,1.0,3,apartamento,312939718,Casa Branca,2q,73,26041.5,356.7328767123288,350.0,2025-01-24,2025-04-06,130207.50000000001,78124.5,False
35481220,3,3.0,6,apartamento,232585108,Meia Praia,3q+,84,171272.10409,754.5026611894274,700.0,2025-01-07,2025-03-31,275393.471334141,165236.08280048458,False
29145061,2,2.0,6,apartamento,115154732,Meia Praia,2q,56,24615.2,439.5571428571429,500.0,2025-01-08,2025-04-05,160438.35714285716,96263.0142857143,True
1274533646308060247,2,2.0,4,apartamento,227777128,Morretes,2q,86,141295.8332,625.2028017699115,601.25,2025-01-25,2025-04-20,228199.0226460177,136919.41358761062,False
48109229,2,2.0,6,apartamento,231414872,Meia Praia,2q,73,70828.0,549.0542635658915,480.0,2025-02-07,2025-04-20,200404.80620155038,120242.88372093023,False
778933432062496662,3,4.0,6,apartamento,192377194,Meia Praia,3q+,73,194223.3666,1027.6368603174603,990.0,2025-01-18,2025-04-20,375087.454015873,225052.47240952382,False
47909482,3,3.0,12,apartamento,383909653,Meia Praia,3q+,67,160156.986,920.4424482758621,1000.0,2025-01-15,2025-04-17,335961.49362068967,201576.8961724138,True
1052490589225547467,3,2.0,8,apartamento,551342508,Meia Praia,3q+,67,123421.9583,709.3215994252873,719.125,2025-02-13,2025-04-20,258902.38379022988,155341.43027413794,True
801611117719633492,2,2.0,6,apartamento,437109458,Meia Praia,2q,67,78436.0,478.2682926829268,400.0,2025-01-21,2025-04-20,174567.92682926828,104740.75609756097,False
40023421,2,2.0,6,apartamento,287180792,Morretes,2q,99,108286.5,479.1438053097345,500.0,2025-01-12,2025-04-20,174887.48893805308,104932.49336283184,False
1282585098065467787,1,1.0,2,apartamento,227777128,Centro,Studio/1q,65,66704.1667,399.4261479041916,382.0,2025-01-12,2025-04-20,145790.54398502994,87474.32639101797,False
798609957167332367,2,2.0,6,apartamento,494667426,Meia Praia,2q,72,48700.0,676.3888888888889,700.0,2025-01-20,2025-04-07,246881.94444444447,148129.1666666667,False
46011731,3,2.0,8,apartamento,133520764,Meia Praia,3q+,21,12755.0,607.3809523809524,590.0,2025-02-12,2025-04-06,221694.04761904763,133016.42857142858,True
1207992119242235910,1,1.0,2,apartamento,227777128,Centro,Studio/1q,89,86209.1667,390.0867271493213,374.5,2025-01-11,2025-04-20,142381.65540950227,85428.99324570136,False
51453135,3,2.0,8,apartamento,65096237,Meia Praia,3q+,91,124597.0,659.2433862433862,680.0,2025-01-12,2025-04-20,240623.83597883597,144374.30158730157,True
41227471,3,2.0,7,apartamento,323588415,Meia Praia,3q+,81,141826.5,685.1521739130435,610.0,2025-01-11,2025-04-20,250080.54347826086,150048.3260869565,True
16105751,2,2.0,4,apartamento,104998472,Centro,2q,31,19677.0,273.2916666666667,250.0,2025-01-29,2025-04-17,99751.45833333334,59850.875,True
47000276,3,3.0,8,apartamento,379956579,Meia Praia,3q+,42,62434.0,630.6464646464647,500.0,2025-02-16,2025-04-20,230185.9595959596,138111.57575757575,False
31543199,3,3.0,7,apartamento,151579579,Meia Praia,3q+,44,81114.25,772.5166666666667,700.0,2025-02-27,2025-04-20,281968.5833333333,169181.15,False
1277103969415516416,2,2.0,8,apartamento,658741691,Morretes,2q,54,24516.33334,454.006172962963,470.0,2025-02-03,2025-04-20,165712.2531314815,99427.35187888889,True
1216602433904805187,1,1.0,4,apartamento,227777128,Centro,Studio/1q,85,122471.1667,600.348856372549,607.0,2025-01-15,2025-04-20,219127.33257598037,131476.3995455882,False
32371924,3,2.0,8,apartamento,242932189,Centro,3q+,33,37246.0,517.3055555555555,488.0,2025-01-25,2025-04-19,188816.52777777778,113289.91666666667,True
622878708674009200,2,2.0,8,apartamento,302118000,Meia Praia,2q,74,49340.0,666.7567567567568,650.0,2025-01-25,2025-04-20,243366.2162162162,146019.72972972973,False
725867973010290782,2,2.0,6,apartamento,269489781,Meia Praia,2q,66,84438.5,499.6360946745562,490.0,2025-01-09,2025-04-20,182367.17455621302,109420.30473372781,True
32766950,2,2.0,6,apartamento,246441773,Centro,2q,48,15400.0,320.8333333333333,300.0,2025-01-21,2025-04-20,117104.16666666666,70262.49999999999,False
10266012,1,1.0,2,outros,52781602,Morretes,Studio/1q,58,7032.5,121.25,125.0,2025-02-01,2025-04-07,44256.25,26553.75,True
1249919049392818339,1,1.0,2,apartamento,227777128,Meia Praia,Studio/1q,91,133818.4167,602.7856608108108,545.0,2025-01-10,2025-04-20,220016.76619594594,132010.05971756755,False
46936020,2,2.0,6,apartamento,219453957,Morretes,2q,54,21505.0,398.24074074074076,380.0,2025-01-25,2025-03-31,145357.87037037036,87214.72222222222,True
1005860682746801029,2,2.0,6,apartamento,542591363,Morretes,2q,75,51119.0,399.3671875,385.0,2025-01-30,2025-04-20,145769.0234375,87461.4140625,True
21025393,3,3.0,6,apartamento,112557986,Meia Praia,3q+,36,59998.3333,740.7201641975308,750.0,2025-02-15,2025-04-20,270362.85993209877,162217.71595925925,False
1042032092670718662,1,1.0,4,apartamento,381365841,Meia Praia,Studio/1q,29,29629.0,411.5138888888889,402.0,2025-01-27,2025-04-11,150202.56944444447,90121.54166666667,False
1197195878719681680,1,1.0,3,apartamento,227777128,Centro,Studio/1q,76,75718.16674,400.62522084656086,384.0,2025-01-12,2025-04-20,146228.20560899473,87736.92336539684,False
1304403734260231676,2,2.0,4,apartamento,227777128,Tabuleiro Dos Oliveiras,2q,101,155620.5,643.0599173553719,641.625,2025-01-06,2025-04-20,234716.86983471076,140830.12190082646,False
1182018398755268829,2,1.0,6,apartamento,227777128,Centro,2q,73,126586.25,711.1587078651686,644.0,2025-01-14,2025-04-20,259572.92837078654,155743.75702247192,False
1011115904222911872,3,2.0,6,apartamento,155757223,Meia Praia,3q+,79,165155.9167,809.5878269607844,700.0,2025-01-14,2025-04-17,295499.5568406863,177299.73410441176,True
32990586,3,2.0,6,apartamento,110658212,Meia Praia,3q+,85,209824.6667,1008.7724360576923,1026.0,2025-01-26,2025-04-20,368201.9391610577,220921.1634966346,False
21454457,2,1.0,5,apartamento,66944699,Meia Praia,2q,15,6138.0,211.6551724137931,172.0,2025-02-19,2025-04-20,77254.13793103448,46352.48275862069,True
828036946101813387,2,2.0,6,apartamento,234835187,Morretes,2q,24,22007.08333,360.77185786885246,270.0,2025-03-01,2025-04-20,131681.72812213114,79009.03687327869,True
1063807278503566143,2,2.0,6,apartamento,490112565,Centro,2q,67,77892.0,486.825,485.0,2025-01-29,2025-04-17,177691.125,106614.675,True
38616586,3,2.0,8,apartamento,250182151,Meia Praia,3q+,38,14118.83332,371.54824526315787,367.0,2025-02-23,2025-04-06,135615.10952105263,81369.06571263158,False
628897724940732017,4,3.0,10,apartamento,116554837,Meia Praia,3q+,25,24225.0,969.0,975.0,2025-02-02,2025-03-09,353685.0,212211.0,False
53325047,2,2.0,6,apartamento,55597690,Meia Praia,2q,50,63702.0,478.9624060150376,450.0,2025-01-24,2025-04-20,174821.2781954887,104892.76691729322,True
873255393900331818,3,2.0,6,apartamento,416640660,Meia Praia,3q+,79,148616.0,735.7227722772277,584.33335,2025-02-01,2025-04-20,268538.8118811881,161123.28712871287,True
53113087,3,2.0,8,apartamento,107291237,Meia Praia,3q+,57,69678.16684,553.0013241269842,650.0,2025-01-30,2025-04-20,201845.48330634923,121107.28998380953,False
1197121947398131654,1,1.0,2,apartamento,227777128,Centro,Studio/1q,73,66880.25,398.0967261904762,383.0,2025-01-07,2025-04-20,145305.30505952382,87183.18303571429,False
53815397,1,1.0,2,apartamento,101494197,Alto Sao Bento,Studio/1q,72,17720.0,246.11111111111111,180.0,2025-01-22,2025-04-07,89830.55555555556,53898.333333333336,True
22190101,2,1.0,7,apartamento,9506232,Meia Praia,2q,46,30808.35834,277.5527778378378,250.0,2025-02-24,2025-04-20,101306.76391081081,60784.05834648648,False
800942299109284552,2,2.0,5,apartamento,170835881,Morretes,2q,55,43314.5,323.2425373134328,300.0,2025-02-04,2025-04-19,117983.52611940297,70790.11567164178,True
1181971107577983158,1,1.0,2,apartamento,227777128,Centro,Studio/1q,81,77628.4167,388.1420835,372.0,2025-01-16,2025-04-20,141671.8604775,85003.11628650001,False
781223884036842600,2,2.0,5,apartamento,109217314,Meia Praia,2q,62,22615.0,364.758064516129,337.5,2025-02-11,2025-04-17,133136.6935483871,79882.01612903226,True
913929715874853789,4,3.0,9,apartamento,244081776,Meia Praia,3q+,68,156818.1666,974.0258795031056,899.0,2025-01-15,2025-04-20,355519.44601863355,213311.66761118014,True
22421606,2,1.0,11,casa,20614599,Morretes,2q,47,52896.0,440.8,361.0,2025-01-12,2025-04-17,160892.0,96535.2,False
681894806923375678,3,4.0,8,apartamento,157399374,Meia Praia,3q+,39,82461.4168,770.667446728972,648.0,2025-01-29,2025-03-31,281293.6180560748,168776.17083364486,True
1265161823691467042,1,1.0,4,apartamento,227777128,Centro,Studio/1q,82,131913.8332,640.358413592233,660.0,2025-01-12,2025-04-20,233730.82096116504,140238.492576699,False
978244263452010977,2,1.0,6,apartamento,536628505,Meia Praia,2q,50,65071.5,516.4404761904761,480.0,2025-01-13,2025-04-17,188500.7738095238,113100.46428571428,True
794996321339600522,2,2.0,6,apartamento,367477498,Meia Praia,2q,67,40167.0,427.3085106382979,483.5,2025-01-26,2025-04-20,155967.60638297873,93580.56382978724,False
41664387,1,1.0,2,outros,326128329,Meia Praia,Studio/1q,45,8129.0,180.64444444444445,180.0,2025-01-28,2025-04-07,65935.22222222222,39561.13333333333,True
1077396104359577731,3,2.0,6,apartamento,298807706,Meia Praia,3q+,20,23517.8333,603.0213666666666,600.0,2025-02-11,2025-04-07,220102.7988333333,132061.6793,False
1002785860497857801,3,2.0,6,apartamento,109364961,Meia Praia,3q+,80,118832.5,600.1641414141415,600.0,2025-01-23,2025-04-20,219059.91161616164,131435.946969697,True
694313018923554703,3,2.0,7,apartamento,104163128,Meia Praia,3q+,29,79300.1666,1258.732803174603,1040.0,2025-01-31,2025-03-31,459437.47315873014,275662.4838952381,True
22648075,2,2.0,6,apartamento,166783222,Centro,2q,65,25783.0,396.66153846153844,348.0,2025-02-02,2025-04-16,144781.46153846153,86868.87692307691,False
41682475,3,2.0,8,apartamento,329011622,Meia Praia,3q+,43,20200.0,469.7674418604651,400.0,2025-01-27,2025-04-20,171465.11627906977,102879.06976744186,False
46048925,3,3.0,8,apartamento,139478367,Meia Praia,3q+,91,220480.4161,975.5770623893806,910.0,2025-01-13,2025-04-20,356085.6277721239,213651.37666327434,False
1004496327455456339,2,2.0,6,apartamento,55102257,Morretes,2q,81,86167.0,402.64953271028037,380.0,2025-01-10,2025-04-19,146967.07943925232,88180.24766355139,True
673826267743797671,3,4.0,8,apartamento,157399374,Meia Praia,3q+,27,59340.375,732.5972222222222,704.0,2025-03-05,2025-03-31,267397.98611111107,160438.79166666663,True
1147824179020677628,1,1.0,4,apartamento,381365841,Centro,Studio/1q,49,52696.5,466.3407079646018,440.0,2025-01-21,2025-04-19,170214.35840707965,102128.61504424778,False
1045520246239520927,3,3.0,6,apartamento,506593553,Centro,3q+,81,140815.5101,951.4561493243244,953.57145,2025-01-30,2025-04-20,347281.4945033784,208368.89670202704,False
20943549,2,2.0,6,apartamento,138334153,Meia Praia,2q,65,68041.89998,425.261874875,400.0,2025-01-25,2025-04-20,155220.584329375,93132.350597625,False
47213093,2,2.0,4,apartamento,249951767,Meia Praia,2q,22,19173.0,290.5,290.5,2025-02-17,2025-03-31,106032.5,63619.5,True
53474066,3,2.0,7,apartamento,433015716,Centro,3q+,39,78620.0,883.370786516854,850.0,2025-01-21,2025-04-20,322430.3370786517,193458.20224719102,False
1249385754807434824,1,1.0,4,apartamento,227777128,Centro,Studio/1q,78,115309.8334,600.5720489583333,607.0,2025-01-24,2025-04-20,219208.79786979166,131525.278721875,False
50958684,3,3.0,8,apartamento,327430438,Meia Praia,3q+,74,190726.0004,1019.9251358288769,920.0,2025-01-12,2025-04-20,372272.6745775401,223363.60474652404,True
34218930,3,3.0,8,apartamento,157399374,Meia Praia,3q+,58,111865.3582,760.988831292517,628.5,2025-01-27,2025-04-19,277760.9234217687,166656.5540530612,True
21780661,2,1.0,4,apartamento,158703707,Casa Branca,2q,63,30130.0,478.25396825396825,600.0,2025-01-28,2025-04-06,174562.6984126984,104737.61904761904,False
772706520794806760,1,1.0,4,casa,489908528,Varzea,Studio/1q,9,4050.0,450.0,450.0,2025-01-23,2025-01-31,164250.0,98550.0,True
48699117,2,2.0,6,apartamento,389604695,Meia Praia,2q,48,53382.5,452.39406779661016,380.0,2025-01-12,2025-04-15,165123.8347457627,99074.30084745762,True
732572931172602640,1,2.0,4,apartamento,166345971,Alto Sao Bento,Studio/1q,63,18360.0,291.42857142857144,280.0,2025-02-07,2025-04-20,106371.42857142858,63822.857142857145,False
1188323084225041810,1,1.0,4,apartamento,227777128,Centro,Studio/1q,73,111345.8333,601.8693691891892,599.5,2025-01-10,2025-04-20,219682.31975405407,131809.39185243243,False
41634696,3,2.0,8,casa,323789095,Sertaozinho,3q+,84,42224.0,502.6666666666667,500.0,2025-01-07,2025-04-06,183473.33333333334,110084.0,False
869504505210568410,2,2.0,5,apartamento,66665025,Centro,2q,80,93000.0,1162.5,1250.0,2025-01-23,2025-04-20,424312.5,254587.5,False
42788291,3,2.0,7,apartamento,271799023,Meia Praia,3q+,54,34160.0,632.5925925925926,700.0,2025-01-28,2025-04-02,230896.2962962963,138537.77777777778,True
1085437829031467755,2,2.0,6,apartamento,510683745,Centro,2q,45,53157.50836,690.3572514285714,600.0,2025-02-25,2025-04-20,251980.39677142858,151188.23806285716,False
821920276390293366,3,4.0,8,apartamento,499850744,Meia Praia,3q+,48,83976.5,671.812,650.0,2025-01-09,2025-04-11,245211.38,147126.828,True
42335961,3,2.0,8,apartamento,176986182,Meia Praia,3q+,85,124926.0,612.3823529411765,500.0,2025-01-08,2025-04-17,223519.5588235294,134111.73529411762,False
46866680,3,3.0,6,apartamento,69152415,Meia Praia,3q+,67,83762.0,504.5903614457831,450.0,2025-01-12,2025-04-20,184175.48192771085,110505.2891566265,False
1311575286815584867,2,2.0,6,apartamento,567717951,Tabuleiro Dos Oliveiras,2q,82,64858.7501,790.9603670731707,753.0,2025-01-26,2025-04-20,288700.5339817073,173220.32038902436,True
31530689,3,2.0,6,apartamento,95436178,Meia Praia,3q+,90,150719.5,707.6032863849765,700.0,2025-01-17,2025-04-20,258275.19953051643,154965.11971830984,True
1161927707286622818,1,1.0,2,apartamento,76169718,Centro,Studio/1q,38,20025.23093,235.59095211764708,246.0,2025-01-14,2025-04-17,85990.69752294118,51594.41851376471,True
1053132609735844516,3,2.0,10,apartamento,489316663,Meia Praia,3q+,11,31550.0,956.060606060606,1000.0,2025-02-27,2025-03-09,348962.1212121212,209377.27272727274,True
1193414131980072087,2,1.0,6,apartamento,227777128,Centro,2q,66,109882.3332,686.7645825,627.0,2025-01-11,2025-04-20,250669.0726125,150401.44356749998,False
30493854,3,2.0,6,apartamento,27896667,Meia Praia,3q+,41,56700.0,497.36842105263156,450.0,2025-02-19,2025-03-31,181539.47368421053,108923.68421052632,False
6569062,3,2.0,6,apartamento,29487482,Meia Praia,3q+,104,199013.1167,737.0856174074074,750.0,2025-01-06,2025-04-19,269036.2503537037,161421.7502122222,False
23068512,2,2.0,6,apartamento,171259138,Meia Praia,2q,19,12102.0,636.9473684210526,700.0,2025-01-13,2025-02-27,232485.7894736842,139491.47368421053,False
719355891470345652,2,2.0,6,apartamento,429150561,Meia Praia,2q,78,115031.5002,555.7077304347825,500.0,2025-01-28,2025-04-20,202833.32160869564,121699.99296521737,False
52472131,2,2.0,6,apartamento,229032494,Meia Praia,2q,87,61000.0,701.1494252873563,600.0,2025-01-10,2025-04-06,255919.54022988505,153551.724137931,False
46755580,1,1.0,2,casa,343852764,Casa Branca,Studio/1q,58,17400.0,300.0,300.0,2025-02-02,2025-03-31,109500.0,65700.0,False
679166677359467385,3,2.0,10,apartamento,108479878,Meia Praia,3q+,79,240289.9999,1144.2380947619047,937.0,2025-01-20,2025-04-20,417646.9045880952,250588.14275285712,False
15024197,3,2.0,8,apartamento,45666257,Centro,3q+,18,14400.0,800.0,800.0,2025-01-30,2025-02-16,292000.0,175200.0,False
41478160,2,2.0,6,apartamento,326499349,Meia Praia,2q,29,14167.0,488.51724137931035,400.0,2025-01-27,2025-03-05,178308.7931034483,106985.27586206897,False
1312949509621922876,2,2.0,4,apartamento,227777128,Morretes,2q,86,137840.5,647.1384976525821,627.0,2025-01-16,2025-04-20,236205.55164319248,141723.33098591547,False
42709234,3,3.0,8,apartamento,340165323,Centro,3q+,97,98108.3334,695.8037829787235,420.0,2025-01-14,2025-04-20,253968.38078723405,152381.02847234043,False
794707921952592251,1,1.0,2,outros,143336765,Meia Praia,Studio/1q,48,7342.5,152.96875,150.0,2025-01-28,2025-04-06,55833.59375,33500.15625,False
54365625,3,2.0,8,casa,440930162,Ilhota,3q+,81,54335.0,670.8024691358024,700.0,2025-01-26,2025-04-20,244842.9012345679,146905.74074074073,False
49824103,3,2.0,8,apartamento,235236091,Meia Praia,3q+,47,48600.6,458.4962264150943,440.0,2025-02-24,2025-04-20,167351.12264150943,100410.67358490566,False
1067320906990424780,3,2.0,6,apartamento,227777128,Centro,3q+,61,95823.5,614.2532051282051,538.25,2025-02-12,2025-04-20,224202.41987179485,134521.4519230769,False
1082133757143221839,3,2.0,6,apartamento,559881238,Meia Praia,3q+,17,30281.3334,1211.253336,1200.0,2025-01-27,2025-02-12,442107.46764,265264.480584,True
980365989956218871,3,3.0,9,apartamento,363007942,Meia Praia,3q+,73,111589.5,1528.623287671233,1582.0,2025-01-21,2025-04-06,557947.5,334768.5,True
45350304,3,2.0,8,apartamento,366616428,Meia Praia,3q+,79,105778.0,729.5034482758621,450.0,2025-02-01,2025-04-20,266268.7586206897,159761.2551724138,True
53154219,2,2.0,5,apartamento,430294957,Meia Praia,2q,87,142096.3334,628.7448380530974,578.0,2025-01-24,2025-04-20,229491.86588938054,137695.1195336283,False
782734966853311782,3,3.0,8,apartamento,271139340,Meia Praia,3q+,79,161813.5,770.5404761904762,580.0,2025-01-21,2025-04-20,281247.2738095238,168748.36428571425,True
1207335703563012811,1,1.0,2,apartamento,227777128,Centro,Studio/1q,82,91621.91666,434.22709317535544,427.0,2025-01-13,2025-04-20,158492.88900900472,95095.73340540283,False
1033202997223117530,4,3.0,12,apartamento,472903083,Meia Praia,3q+,29,56227.8333,1938.8908034482758,1800.0,2025-01-23,2025-03-15,707695.1432586206,424617.08595517237,True
52536443,2,2.0,5,apartamento,160830266,Centro,2q,26,14830.0,390.2631578947368,400.0,2025-03-03,2025-04-20,142446.05263157893,85467.63157894736,False
30271062,2,1.0,6,apartamento,58608265,Meia Praia,2q,76,40621.0,534.4868421052631,583.0,2025-01-22,2025-04-07,195087.69736842104,117052.61842105263,False
31069380,3,3.0,6,apartamento,66858411,Meia Praia,3q+,21,47789.5,783.4344262295082,809.0,2025-01-14,2025-03-09,285953.5655737705,171572.13934426228,False
1193496259129259761,2,2.0,6,apartamento,227777128,Centro,2q,86,159264.9166,720.6557312217194,723.0,2025-01-22,2025-04-20,263039.34189592756,157823.60513755653,False
1297930815921503919,3,2.0,6,apartamento,227777128,Meia Praia,3q+,76,185080.1666,930.051088442211,871.0,2025-01-20,2025-04-20,339468.64728140703,203681.18836884422,False
46878566,3,3.0,6,apartamento,96224012,Centro,3q+,81,106596.0,507.6,500.0,2025-01-29,2025-04-19,185274.0,111164.4,False
639216644351145145,5,5.0,14,apartamento,421185794,Meia Praia,3q+,16,15400.0,962.5,900.0,2025-03-16,2025-04-15,351312.5,210787.5,True
995680028058206783,6,9.0,16,casa,378326074,Sertaozinho,3q+,96,587908.0,3520.4071856287424,3500.0,2025-01-07,2025-04-20,1284948.622754491,770969.1736526946,False
46769078,3,3.0,8,apartamento,236629473,Meia Praia,3q+,93,214952.2832,906.97165907173,988.0,2025-01-07,2025-04-19,331044.6555611814,198626.79333670886,False
1008029204257210230,2,1.0,4,casa,437574735,Morretes,2q,68,57258.20836,321.6753278651685,315.0,2025-01-21,2025-03-31,117411.49467078652,70446.8968024719,False
31511990,2,2.0,5,casa,236114644,Sertaozinho,2q,86,41575.0,483.43023255813955,500.0,2025-01-25,2025-04-20,176452.03488372095,105871.22093023256,False
3263701,4,4.0,12,apartamento,10844679,Meia Praia,3q+,26,73600.0,1533.3333333333333,1650.0,2025-02-08,2025-04-10,559666.6666666666,335799.99999999994,False
914342944500490787,3,4.0,8,apartamento,157399374,Meia Praia,3q+,42,29152.8333,694.1150785714285,583.0,2025-02-24,2025-04-06,253352.0036785714,152011.20220714284,True
54005716,1,1.0,4,casa,240482946,None,Studio/1q,43,34400.0,800.0,800.0,2025-02-23,2025-04-06,292000.0,175200.0,False
812231708820863156,4,3.0,8,apartamento,120608403,Meia Praia,3q+,58,89417.6669,677.4065674242424,500.0,2025-01-31,2025-04-16,247253.39710984848,148352.03826590907,True
1236367599770739400,1,1.0,4,apartamento,426472149,Centro,Studio/1q,59,34172.0,579.1864406779661,600.0,2025-01-26,2025-04-20,211403.0508474576,126841.83050847455,True
31278015,3,2.0,8,apartamento,180302094,Meia Praia,3q+,56,28240.0,504.2857142857143,430.0,2025-02-24,2025-04-20,184064.2857142857,110438.57142857142,False
1163772289534164479,4,3.0,12,casa,558894521,Tabuleiro Dos Oliveiras,3q+,68,309592.0,1810.4795321637428,1700.0,2025-01-09,2025-04-20,660825.0292397661,396495.0175438596,True
54245203,2,2.0,5,apartamento,103191161,Meia Praia,2q,23,40819.5,591.5869565217391,578.0,2025-02-02,2025-03-09,215929.23913043478,129557.54347826086,False
684782448665574114,3,2.0,9,apartamento,414476763,Meia Praia,3q+,60,89805.0,615.1027397260274,650.0,2025-02-12,2025-04-20,224512.5,134707.5,True
1260073533686146608,1,1.0,2,apartamento,227777128,Centro,Studio/1q,76,81719.0,437.0,377.0,2025-01-20,2025-04-20,159505.0,95703.0,False
53656846,1,1.0,2,casa,101949914,Alto Sao Bento,Studio/1q,43,13010.0,302.5581395348837,400.0,2025-01-07,2025-04-06,110433.72093023255,66260.23255813953,False
27910707,3,3.0,6,apartamento,115337089,Centro,3q+,81,126139.2,1557.274074074074,1680.0,2025-01-14,2025-04-06,568405.037037037,341043.0222222222,False
34540951,3,3.0,8,apartamento,244081776,Meia Praia,3q+,70,105945.5,605.4028571428571,558.0,2025-01-30,2025-04-20,220972.04285714283,132583.22571428568,True
39685785,2,2.0,7,apartamento,290793972,Meia Praia,2q,73,91266.89162,540.040778816568,450.0,2025-02-07,2025-04-20,197114.88426804735,118268.9305608284,True
39642773,3,1.0,8,casa,225090146,Meia Praia,3q+,46,17050.0,370.6521739130435,400.0,2025-02-20,2025-04-06,135288.04347826086,81172.82608695651,True
43712530,3,3.0,7,apartamento,59078946,Meia Praia,3q+,21,42063.0,667.6666666666666,701.0,2025-02-08,2025-02-28,243698.3333333333,146218.99999999997,True
30519162,4,7.0,8,casa,229022288,Canto Da Praia,3q+,91,354900.0,3900.0,3900.0,2025-01-07,2025-04-07,1423500.0,854100.0,False
693024169316156606,2,2.0,6,apartamento,284732986,Meia Praia,2q,44,77126.99994,602.55468703125,562.0,2025-01-23,2025-03-31,219932.46076640624,131959.47645984375,True
612245203931813020,4,3.0,9,apartamento,120391588,Meia Praia,3q+,66,141783.0,824.3197674418604,900.0,2025-01-10,2025-04-17,300876.7151162791,180526.02906976745,True
29008738,4,3.0,10,apartamento,157642052,Meia Praia,3q+,56,78008.0,573.5882352941177,494.0,2025-01-15,2025-04-17,209359.70588235295,125615.82352941176,True
47421617,2,2.0,5,apartamento,160830266,Centro,2q,36,14550.83334,404.18981499999995,370.0,2025-02-24,2025-03-31,147529.28247499999,88517.56948499999,False
769009482417170004,1,1.0,4,apartamento,222410401,Morretes,Studio/1q,75,96237.0,590.4110429447853,480.0,2025-01-23,2025-04-20,215500.03067484664,129300.01840490798,True
23299596,2,1.0,6,apartamento,154361388,Meia Praia,2q,36,22048.0,612.4444444444445,553.0,2025-01-15,2025-03-28,223542.22222222222,134125.3333333333,True
39394196,3,2.0,8,apartamento,302592772,Meia Praia,3q+,23,8137.5,353.80434782608694,350.0,2025-03-15,2025-04-06,129138.58695652173,77483.15217391304,False
1062615116593634676,1,1.0,4,apartamento,554715306,Meia Praia,Studio/1q,66,66153.0,441.02,400.0,2025-01-15,2025-04-20,160972.3,96583.37999999999,True
627388721154300829,3,4.0,8,apartamento,111105267,Meia Praia,3q+,26,31705.5,446.556338028169,550.0,2025-02-01,2025-04-10,162993.0633802817,97795.83802816902,False
47260862,2,3.0,8,apartamento,302395914,Meia Praia,2q,44,53965.0,513.952380952381,450.0,2025-01-29,2025-04-20,187592.61904761905,112555.57142857143,False
51983017,2,1.0,5,apartamento,103038239,Meia Praia,2q,29,18443.5,635.9827586206897,549.0,2025-02-26,2025-04-07,232133.7068965517,139280.224137931,True
26026295,2,2.0,5,apartamento,92121131,Meia Praia,2q,27,32504.5,451.4513888888889,390.0,2025-01-21,2025-04-11,164779.75694444447,98867.85416666667,True
916052715744473224,3,4.0,6,apartamento,158685866,Meia Praia,3q+,54,172628.691,1174.344836734694,1150.0,2025-01-06,2025-02-28,428635.8654081633,257181.51924489797,False
1082746592587689161,3,2.0,6,apartamento,104163128,Tabuleiro Dos Oliveiras,3q+,44,26032.5,591.6477272727273,390.0,2025-01-09,2025-03-31,215951.42045454544,129570.85227272726,True
45822839,2,1.0,5,apartamento,101640501,Meia Praia,2q,78,83330.0,455.3551912568306,390.0,2025-01-13,2025-04-20,166204.64480874318,99722.7868852459,True
45382246,5,4.0,12,apartamento,80526805,Centro,3q+,38,24644.5,648.5394736842105,850.0,2025-01-31,2025-04-02,236716.90789473685,142030.1447368421,False
39420557,3,3.0,8,apartamento,296358509,Meia Praia,3q+,33,79126.65,799.2590909090909,800.0,2025-01-27,2025-03-09,291729.5681818182,175037.7409090909,False
1207383031689344642,1,1.0,4,apartamento,227595936,Centro,Studio/1q,76,129584.0,674.9166666666666,800.0,2025-01-12,2025-04-19,246344.5833333333,147806.74999999997,False
52596621,3,3.0,6,apartamento,112652747,Meia Praia,3q+,104,283716.2668,1074.6828287878786,1186.6666,2025-01-07,2025-04-20,392259.2325075757,235355.53950454542,False
978095320445301654,3,3.0,8,apartamento,160909294,Meia Praia,3q+,82,190720.5002,908.1928580952382,900.0,2025-01-14,2025-04-20,331490.39320476196,198894.23592285716,True
21734892,3,2.0,8,apartamento,143699250,Centro,3q+,68,133139.0,792.4940476190476,800.0,2025-02-12,2025-04-20,289260.32738095237,173556.19642857142,True
52884842,4,4.0,10,apartamento,162454953,Meia Praia,3q+,89,169100.0,1900.0,1900.0,2025-01-09,2025-04-07,693500.0,416100.0,False
38852725,3,2.0,8,apartamento,152893116,Meia Praia,3q+,62,82107.0,516.3962264150944,450.0,2025-01-26,2025-04-20,188484.62264150943,113090.77358490565,True
985716714802993034,2,2.0,4,apartamento,537941346,Morretes,2q,48,48891.6667,425.144927826087,500.0,2025-03-04,2025-04-20,155177.89865652175,93106.73919391305,False
1277671971539993475,1,1.0,2,apartamento,399732548,Centro,Studio/1q,30,8457.5,281.9166666666667,273.5,2025-03-04,2025-04-18,102899.58333333334,61739.75,True
22231120,1,1.0,4,apartamento,73707795,Ilhota,Studio/1q,80,26756.83334,334.46041675000004,341.0,2025-01-31,2025-04-20,122078.05211375002,73246.83126825001,True
742262889162653132,1,1.0,2,casa,439660269,Sertaozinho,Studio/1q,56,9913.0,177.01785714285714,180.0,2025-01-12,2025-03-31,64611.517857142855,38766.91071428571,False
1321134786322096510,3,2.0,6,apartamento,227777128,Meia Praia,3q+,88,155056.25,724.5619158878504,634.0,2025-01-23,2025-04-20,264465.0992990654,158679.05957943926,False
18395333,3,3.0,8,apartamento,47786100,Meia Praia,3q+,64,101574.0,611.8915662650602,600.0,2025-02-09,2025-04-17,223340.42168674697,134004.25301204817,True
38957661,3,3.0,8,apartamento,163733499,Meia Praia,3q+,55,66720.0,546.8852459016393,400.0,2025-01-22,2025-04-20,199613.11475409835,119767.86885245901,False
906701409648697471,2,2.0,6,apartamento,320881853,Meia Praia,2q,57,83156.0,577.4722222222222,598.0,2025-02-07,2025-04-20,210777.3611111111,126466.41666666666,False
46678933,3,3.0,7,apartamento,319660499,Meia Praia,3q+,97,122400.0,760.2484472049689,750.0,2025-01-14,2025-04-20,277490.68322981364,166494.40993788818,False
31945494,3,2.0,8,apartamento,239512859,Meia Praia,3q+,70,94976.4999,575.6151509090909,630.0,2025-02-03,2025-04-17,210099.53008181817,126059.7180490909,False
1137698308528017474,3,2.0,6,apartamento,227777128,Meia Praia,3q+,53,93402.0833,707.5915401515151,650.25,2025-02-03,2025-04-20,258270.91215530303,154962.54729318182,False
44425260,2,2.0,8,apartamento,240428142,Meia Praia,2q,66,32776.8,496.6181818181819,450.0,2025-01-31,2025-04-20,181265.63636363638,108759.38181818182,False
41590719,2,1.0,6,apartamento,47311819,Meia Praia,2q,73,73139.5,420.3419540229885,400.0,2025-01-14,2025-04-20,153424.8132183908,92054.88793103448,True
1045592510645908121,2,1.0,7,apartamento,492054528,Meia Praia,2q,65,32694.0,502.9846153846154,500.0,2025-01-09,2025-04-06,183589.38461538462,110153.63076923077,True
1014245162199655907,2,2.0,6,apartamento,544216800,Meia Praia,2q,43,61848.5,572.6712962962963,600.0,2025-03-06,2025-04-17,209025.02314814815,125415.01388888888,False
985445004274818605,1,1.0,2,outros,245812049,Centro,Studio/1q,59,9741.5,165.11016949152543,150.0,2025-01-26,2025-04-17,60265.21186440678,36159.127118644064,True
1049417084065072931,2,2.0,4,apartamento,87293045,Morretes,2q,12,11632.5,646.25,647.25,2025-01-20,2025-01-31,235881.25,141528.75,True
28075525,2,2.0,6,apartamento,157399374,Meia Praia,2q,36,34814.5,446.3397435897436,400.0,2025-02-26,2025-04-19,162914.0064102564,97748.40384615384,True
25165914,3,2.0,6,apartamento,190164451,Meia Praia,3q+,87,143215.5,617.3081896551724,700.0,2025-01-08,2025-04-20,225317.48922413794,135190.49353448275,False
52346232,3,2.0,8,apartamento,423212079,Meia Praia,3q+,59,113065.0,763.9527027027027,890.0,2025-01-14,2025-04-16,278842.7364864865,167305.6418918919,False
45184991,2,2.0,5,apartamento,25984866,Meia Praia,2q,62,40176.0,648.0,648.0,2025-01-29,2025-03-31,236520.0,141912.0,True
826617189908528565,1,1.0,4,apartamento,426472149,Meia Praia,Studio/1q,65,68794.16668,477.73726861111106,400.0,2025-01-20,2025-04-20,174374.10304305554,104624.46182583332,True
986565062867231257,1,1.0,2,outros,142707286,Meia Praia,Studio/1q,89,21295.0,239.26966292134833,230.0,2025-01-07,2025-04-07,87333.42696629214,52400.05617977528,False
762112217871324562,3,1.0,7,apartamento,309350590,Meia Praia,3q+,61,77243.0001,567.9632360294117,600.0,2025-01-13,2025-04-17,207306.5811507353,124383.94869044118,True
48624860,2,2.0,7,apartamento,157538002,Meia Praia,2q,18,10150.0,350.0,250.0,2025-01-10,2025-04-17,127750.0,76650.0,False
47089646,2,2.0,7,apartamento,330683989,Centro,2q,51,26826.2,526.0039215686274,472.0,2025-02-15,2025-04-06,191991.431372549,115194.8588235294,False
46451253,3,2.0,7,apartamento,10844679,Meia Praia,3q+,71,110818.5,595.7983870967741,440.0,2025-01-24,2025-04-20,217466.41129032258,130479.84677419355,False
41702158,4,3.0,12,apartamento,180791982,Meia Praia,3q+,46,129900.0,1286.1386138613861,1200.0,2025-02-08,2025-04-17,469440.59405940596,281664.35643564357,True
30560948,3,2.0,6,apartamento,229276388,Meia Praia,3q+,85,185197.1001,881.8909528571429,700.0,2025-01-14,2025-04-20,321890.1977928572,193134.1186757143,False
30098696,1,1.0,2,casa,226154699,Casa Branca,Studio/1q,10,2490.0,249.0,249.0,2025-01-23,2025-02-01,90885.0,54531.0,False
16730935,1,1.0,2,outros,74027937,Meia Praia,Studio/1q,89,22250.0,250.0,250.0,2025-01-21,2025-04-19,91250.0,54750.0,False
1268755217310742256,2,2.0,4,apartamento,156159180,Meia Praia,2q,37,29280.0,791.3513513513514,800.0,2025-01-21,2025-04-06,288843.24324324325,173305.94594594595,False
26895628,4,3.0,12,apartamento,202322940,Meia Praia,3q+,40,93737.0,966.360824742268,850.0,2025-02-13,2025-04-16,352721.7010309278,211633.02061855668,False
39051477,4,4.0,10,apartamento,298545921,Meia Praia,3q+,92,381843.9996,1539.6935467741935,1500.0,2025-01-19,2025-04-20,561988.1445725806,337192.8867435483,False
912678193847993947,1,1.0,2,outros,142707286,Meia Praia,Studio/1q,77,23149.0,300.6363636363636,300.0,2025-01-08,2025-04-06,109732.27272727272,65839.36363636363,False
686743101124580615,3,4.0,8,apartamento,157399374,Meia Praia,3q+,27,22091.5,818.2037037037037,648.0,2025-02-14,2025-03-31,298644.35185185185,179186.6111111111,True
771111761043546355,2,1.0,6,apartamento,167526733,Centro,2q,75,118487.0,598.4191919191919,557.0,2025-02-04,2025-04-19,218423.00505050505,131053.80303030302,False
1187558666042801587,3,2.0,6,apartamento,227777128,Meia Praia,3q+,71,109665.5,648.9082840236687,564.0,2025-01-23,2025-04-20,236851.52366863907,142110.91420118345,False
44369632,3,2.0,8,apartamento,220836478,Meia Praia,3q+,12,10845.0,723.0,705.0,2025-01-15,2025-02-17,263895.0,158337.0,True
21103486,3,2.0,6,apartamento,150870032,Meia Praia,3q+,66,60031.62859,357.3311225595238,350.0,2025-01-22,2025-04-20,130425.8597342262,78255.5158405357,False
718922870189236806,5,4.0,16,apartamento,461891399,Meia Praia,3q+,29,63300.0,2182.7586206896553,2100.0,2025-01-29,2025-03-31,796706.8965517242,478024.1379310345,False
40371384,1,1.0,6,apartamento,137095078,Centro,Studio/1q,91,141104.5832,597.9007762711864,601.0,2025-01-06,2025-04-20,218233.78333898302,130940.2700033898,True
39635217,3,2.0,9,apartamento,84162292,Meia Praia,3q+,23,19511.55,415.13936170212764,385.0,2025-01-22,2025-04-20,151525.8670212766,90915.52021276594,True
52266549,3,2.0,8,apartamento,419526733,Morretes,3q+,77,119063.0,661.4611111111111,700.0,2025-01-26,2025-04-20,241433.30555555556,144859.98333333334,False
22335276,3,3.0,8,casa,163299010,Canto Da Praia,3q+,67,47778.6667,713.114428358209,800.0,2025-01-22,2025-04-05,260286.7663507463,156172.05981044777,False
26334990,3,2.0,11,apartamento,16563569,Meia Praia,3q+,67,189082.8334,1219.8892477419356,1200.0,2025-01-31,2025-04-20,445259.5754258065,267155.7452554839,False
45480718,3,2.0,8,apartamento,365813520,Meia Praia,3q+,12,9277.0,343.5925925925926,450.0,2025-02-10,2025-04-20,125411.2962962963,75246.77777777778,True
21632405,3,2.0,8,apartamento,157399374,Meia Praia,3q+,53,60120.2001,505.2117655462185,408.0,2025-01-29,2025-04-16,184402.29442436976,110641.37665462185,True
730553947980169722,3,2.0,8,apartamento,165255751,Centro,3q+,78,150485.55259,850.2008620903955,900.0,2025-02-01,2025-04-20,310323.31466299435,186193.9887977966,False
618943952389206201,2,2.0,6,apartamento,438301067,Meia Praia,2q,80,107186.5,525.4240196078431,400.0,2025-01-12,2025-04-20,191779.76715686274,115067.86029411764,False
850675824952359571,3,2.0,8,apartamento,25984866,Meia Praia,3q+,68,162635.9762,805.128595049505,802.0,2025-01-10,2025-03-31,293871.9371930693,176323.1623158416,True
1193657356522503551,2,3.0,6,apartamento,25984866,Meia Praia,2q,70,50922.0,727.4571428571429,702.0,2025-01-21,2025-03-31,265521.85714285716,159313.11428571428,True
1271171762063321920,2,2.0,5,apartamento,308538169,Tabuleiro Dos Oliveiras,2q,56,32550.0,581.25,650.0,2025-02-02,2025-04-20,212156.25,127293.75,False
47006355,3,1.0,8,apartamento,231011747,Meia Praia,3q+,49,95099.0,704.437037037037,592.0,2025-01-25,2025-04-06,257119.5185185185,154271.7111111111,True
1181944920258781413,1,1.0,2,apartamento,227777128,Centro,Studio/1q,87,84566.6667,391.5123458333333,374.5,2025-01-15,2025-04-20,142902.00622916667,85741.20373749999,False
22421016,3,3.0,8,apartamento,164170709,Centro,3q+,9,21765.6667,806.1358037037038,800.0,2025-02-15,2025-02-23,294239.5683518519,176543.74101111112,False
42270655,3,2.0,8,casa,335855171,Ilhota,3q+,74,38276.59526,517.2512872972973,490.0,2025-02-02,2025-04-16,188796.7198635135,113278.0319181081,True
756997201912524343,3,3.0,8,apartamento,478564918,Meia Praia,3q+,97,234974.5,947.4778225806451,850.0,2025-01-14,2025-04-20,345829.40524193546,207497.64314516127,False
1233973103621276698,1,1.0,3,apartamento,227777128,Centro,Studio/1q,69,61813.5,398.7967741935484,383.0,2025-01-20,2025-04-20,145560.82258064518,87336.49354838711,False
38319706,3,2.0,7,apartamento,291390217,Meia Praia,3q+,80,118822.1666,571.2604163461539,590.0,2025-01-13,2025-04-20,208510.05196634616,125106.03117980769,False
39007372,3,3.0,6,apartamento,38116885,Meia Praia,3q+,95,276399.2,1101.19203187251,1100.0,2025-01-16,2025-04-20,401935.09163346613,241161.05498007967,False
1074031328011239995,5,1.0,15,casa,557843745,Varzea,3q+,102,330505.5,1856.7724719101125,2000.0,2025-01-08,2025-04-19,677721.9522471911,406633.1713483147,False
22421421,2,1.0,11,casa,20614599,Morretes,2q,56,56983.5,434.98854961832063,347.0,2025-01-14,2025-04-20,158770.82061068702,95262.4923664122,False
31055581,2,2.0,6,apartamento,64678031,Meia Praia,2q,69,66719.0,416.99375,415.0,2025-01-23,2025-04-20,152202.71875,91321.63124999999,False
51669111,3,2.0,8,apartamento,115900186,Meia Praia,3q+,92,180561.9376,733.9916162601626,800.0,2025-01-08,2025-04-19,267906.93993495934,160744.1639609756,True
49369605,3,2.0,8,apartamento,304099262,Meia Praia,3q+,21,10010.33333,238.34126976190475,230.0,2025-02-25,2025-04-07,86994.56346309524,52196.738077857146,False
1303745304497797235,2,1.0,4,apartamento,227777128,Centro,2q,85,152202.25,714.5645539906103,691.0,2025-01-17,2025-04-20,260816.06220657277,156489.63732394367,False
23263225,1,1.0,4,casa,173095913,Centro,Studio/1q,11,3150.5,286.40909090909093,283.0,2025-01-24,2025-02-03,104539.31818181819,62723.59090909091,False
44075219,3,3.0,8,apartamento,346582211,Centro,3q+,14,55904.95,2541.134090909091,2591.6191,2025-01-10,2025-01-23,927513.9431818182,556508.365909091,True
38447436,3,2.0,7,apartamento,108479878,Meia Praia,3q+,101,278794.0,1048.0977443609022,1127.0,2025-01-10,2025-04-20,382555.6766917293,229533.40601503756,False
762192750283483456,2,1.0,4,apartamento,96045548,Meia Praia,2q,67,26503.16666,395.56965164179104,440.0,2025-01-20,2025-03-31,144382.92284925372,86629.75370955223,True
37494985,3,3.0,6,apartamento,274333034,Meia Praia,3q+,84,195884.2501,890.382955,900.0,2025-01-16,2025-04-20,324989.778575,194993.867145,False
41769298,3,2.0,10,apartamento,329978155,Meia Praia,3q+,71,208301.0,1096.321052631579,1100.0,2025-01-07,2025-03-31,400157.18421052635,240094.3105263158,True
36032020,3,2.0,8,apartamento,262876896,Meia Praia,3q+,25,29940.0,598.8,550.0,2025-02-20,2025-04-15,218561.99999999997,131137.19999999998,True
22383070,2,2.0,6,apartamento,9506232,Meia Praia,2q,40,12851.83334,321.29583349999996,250.0,2025-01-27,2025-04-20,117272.97922749998,70363.78753649998,False
53190433,3,2.0,8,apartamento,381365841,Centro,3q+,39,60400.0,794.7368421052631,800.0,2025-01-31,2025-04-19,290078.94736842107,174047.36842105264,False
1011714999685071594,3,2.0,6,apartamento,416640660,Centro,3q+,28,31722.0,556.5263157894736,557.0,2025-03-24,2025-04-20,203132.1052631579,121879.26315789473,True
26839303,2,2.0,8,apartamento,201531634,Meia Praia,2q,52,98372.2833,762.5758395348837,800.0,2025-01-24,2025-04-17,278340.18143023254,167004.10885813952,True
28366360,3,4.0,8,apartamento,214163257,Meia Praia,3q+,67,154847.5,837.0135135135135,1000.0,2025-01-10,2025-04-20,305509.9324324324,183305.95945945944,True
1002341236260011015,2,2.0,4,apartamento,114155924,Morretes,2q,54,19000.0,351.85185185185185,350.0,2025-01-30,2025-04-20,128425.92592592593,77055.55555555555,False
786307999394390316,2,2.0,6,apartamento,148587566,Meia Praia,2q,72,93443.0,591.4113924050633,550.0,2025-01-16,2025-04-20,215865.15822784812,129519.09493670886,True
39414948,3,2.0,8,apartamento,216478948,Meia Praia,3q+,61,94572.0,583.7777777777778,520.0,2025-02-03,2025-04-17,213078.8888888889,127847.33333333334,True
915332897455058900,3,3.0,6,apartamento,227777128,Meia Praia,3q+,68,73100.25,1075.0036764705883,928.0,2025-01-31,2025-04-20,392376.3419117647,235425.80514705883,False
1181723518413479765,1,1.0,4,apartamento,227595936,Centro,Studio/1q,86,45097.0,524.3837209302326,450.0,2025-01-25,2025-04-20,191400.0581395349,114840.03488372093,False
1019756845213291605,1,1.0,2,outros,106642020,Centro,Studio/1q,72,12479.5,173.32638888888889,179.0,2025-01-23,2025-04-20,63264.131944444445,37958.479166666664,True
22191680,2,1.0,6,apartamento,162145287,Meia Praia,2q,80,95790.0,460.52884615384613,400.0,2025-01-25,2025-04-17,168093.02884615384,100855.8173076923,True
41285546,3,2.0,8,apartamento,168804260,Meia Praia,3q+,91,151560.0,647.6923076923077,850.0,2025-01-12,2025-04-19,236407.6923076923,141844.61538461538,False
31682871,2,2.0,5,apartamento,147662807,Centro,2q,41,38471.99998,320.59999983333336,290.0,2025-01-30,2025-03-31,117018.99993916668,70211.39996350001,True
22243318,2,1.0,6,apartamento,103222174,Meia Praia,2q,52,61124.0,550.6666666666666,580.0,2025-02-02,2025-04-20,200993.3333333333,120595.99999999999,True
52172003,2,2.0,6,apartamento,330683989,Centro,2q,42,31383.0,317.0,317.0,2025-03-10,2025-04-20,115705.0,69423.0,False
18506998,2,2.0,4,apartamento,119518729,Centro,2q,20,15313.0,373.4878048780488,350.0,2025-03-04,2025-04-16,136323.04878048782,81793.82926829268,True
39145712,3,2.0,8,apartamento,154361388,Morretes,3q+,31,60862.0,811.4933333333333,662.0,2025-02-07,2025-03-24,296195.06666666665,177717.03999999998,True
1153493820067017135,2,2.0,4,apartamento,25087975,Centro,2q,57,58370.3333,405.34953680555554,396.25,2025-02-06,2025-04-20,147952.58093402776,88771.54856041666,False
53803935,3,2.0,12,apartamento,230786695,Meia Praia,3q+,26,30199.8333,642.549644680851,604.3333,2025-01-22,2025-03-09,234530.6203085106,140718.37218510636,False
47052262,3,2.0,7,apartamento,330683989,Centro,3q+,69,68672.3667,429.202291875,399.0,2025-01-24,2025-04-20,156658.836534375,93995.301920625,False
51866473,3,2.0,8,apartamento,420142305,Meia Praia,3q+,45,58649.3667,543.0496916666666,450.0,2025-02-18,2025-04-20,198213.1374583333,118927.88247499998,True
31397917,1,1.0,3,apartamento,163555140,Meia Praia,Studio/1q,14,3600.0,257.14285714285717,250.0,2025-01-30,2025-02-28,93857.14285714287,56314.28571428572,False
1182040498646675653,2,1.0,6,apartamento,227777128,Centro,2q,66,117675.25,721.9340490797546,644.0,2025-01-13,2025-04-16,263505.9279141104,158103.55674846625,False
1039235354309448898,2,1.0,2,apartamento,549335134,Centro,2q,75,38650.0,204.4973544973545,150.0,2025-01-21,2025-04-17,74641.5343915344,44784.920634920636,True
41404141,3,2.0,6,apartamento,225959170,Meia Praia,3q+,68,116003.8,703.0533333333334,690.0,2025-02-12,2025-04-20,256614.4666666667,153968.68000000002,False
744210382596366805,3,3.0,6,apartamento,160783538,Meia Praia,3q+,55,64563.0002,508.37008031496066,500.0,2025-01-31,2025-04-20,185555.07931496063,111333.04758897638,False
16017693,3,3.0,7,apartamento,104163128,Meia Praia,3q+,36,93671.8668,867.3321000000001,910.0,2025-01-26,2025-03-31,316576.21650000004,189945.7299,True
1044458170286255125,4,5.0,12,apartamento,455826755,Meia Praia,3q+,55,139821.4168,1013.1986724637682,1100.0,2025-02-12,2025-04-16,369817.5154492754,221890.50926956523,False
711032530664362412,1,1.0,2,casa,411344539,Varzea,Studio/1q,35,6019.5,171.9857142857143,149.0,2025-01-27,2025-04-06,62774.78571428572,37664.87142857143,True
769461318721075633,2,3.0,10,casa,489316663,Meia Praia,2q,36,20500.0,569.4444444444445,500.0,2025-02-12,2025-03-31,207847.22222222222,124708.33333333333,True
40250642,3,2.0,6,apartamento,308822794,Meia Praia,3q+,73,209471.667,983.4350563380281,900.0,2025-01-18,2025-03-31,358953.79556338023,215372.27733802813,False
22047595,3,2.0,10,apartamento,161022840,Morretes,3q+,60,107228.1666,700.8376901960784,620.0,2025-02-08,2025-04-20,255805.7569215686,153483.45415294115,True
31084342,4,4.0,12,apartamento,162686113,Meia Praia,3q+,53,43150.0,814.1509433962265,800.0,2025-01-13,2025-04-07,297165.09433962265,178299.05660377358,False
53195241,4,3.0,10,apartamento,315968304,Meia Praia,3q+,85,416658.8333,1851.8170368888889,1990.0,2025-01-10,2025-04-20,675913.2184644444,405547.93107866665,False
53143021,2,3.0,6,apartamento,377759233,Meia Praia,2q,49,31343.0,639.6530612244898,600.0,2025-01-30,2025-04-06,233473.36734693876,140084.02040816325,False
49123621,3,0.0,6,apartamento,263344289,Meia Praia,3q+,90,174105.5,770.3783185840708,900.0,2025-01-06,2025-04-19,281188.08628318587,168712.8517699115,False
31441134,4,4.0,11,apartamento,235510737,Meia Praia,3q+,103,272658.0,1514.7666666666667,1500.0,2025-01-07,2025-04-19,552889.8333333334,331733.9,False
859925561562240250,3,3.0,8,apartamento,157399374,Meia Praia,3q+,29,22992.0,792.8275862068965,704.0,2025-02-24,2025-03-31,289382.0689655172,173629.24137931032,True
31859744,2,3.0,6,apartamento,206024183,Meia Praia,2q,77,99340.0,506.83673469387753,500.0,2025-02-03,2025-04-20,184995.4081632653,110997.24489795917,False
21695053,3,3.0,8,apartamento,14025459,Meia Praia,3q+,82,161389.25,757.6960093896714,720.0,2025-01-22,2025-04-20,276559.0434272301,165935.42605633804,True
52826190,2,1.0,6,casa,170440405,Morretes,2q,38,12224.16666,321.6885963157895,300.0,2025-02-27,2025-04-20,117416.33765526317,70449.8025931579,True
21436592,3,3.0,9,apartamento,155401291,Meia Praia,3q+,67,35430.0,528.8059701492538,490.0,2025-01-12,2025-03-31,193014.17910447763,115808.50746268658,False
37118794,3,2.0,6,apartamento,279203508,Meia Praia,3q+,62,149972.0,993.1920529801324,1000.0,2025-02-08,2025-04-20,362515.0993377483,217509.05960264898,False
1329787295308110610,2,1.0,5,apartamento,227777128,Centro,2q,71,66385.0,935.0,935.0,2025-02-09,2025-04-20,341275.0,204765.0,False
52348108,2,2.0,6,apartamento,294425007,Meia Praia,2q,43,40400.0,553.4246575342465,400.0,2025-03-09,2025-04-20,201999.99999999997,121199.99999999997,False
794710559970994170,2,2.0,4,apartamento,143336765,Meia Praia,2q,68,71473.6667,506.9054375886525,500.0,2025-01-27,2025-04-20,185020.48471985816,111012.29083191488,False
1182188163181410725,2,1.0,5,apartamento,555400325,Centro,2q,82,76632.0,934.5365853658536,850.0,2025-01-24,2025-04-20,341105.85365853657,204663.51219512193,True
754375397775403281,3,2.0,6,apartamento,486620817,Meia Praia,3q+,96,207970.9667,838.5926076612902,890.0,2025-01-07,2025-04-20,306086.30179637094,183651.78107782255,False
47269826,3,3.0,7,apartamento,59078946,Meia Praia,3q+,12,24150.675,670.8520833333333,702.0,2025-02-17,2025-02-28,244861.01041666666,146916.60624999998,True
39972515,2,1.0,6,apartamento,156927702,Meia Praia,2q,59,51201.1,341.34066666666666,323.0,2025-02-08,2025-04-20,124589.34333333334,74753.606,True
798631136594423222,4,3.0,10,apartamento,494145270,Tabuleiro Dos Oliveiras,3q+,56,61600.0,1100.0,1100.0,2025-01-21,2025-04-07,401500.0,240900.0,False
929120660817262874,3,2.0,6,apartamento,523956382,Centro,3q+,98,190158.0,745.7176470588236,699.0,2025-01-13,2025-04-20,272186.9411764706,163312.16470588234,False
43754654,3,3.0,8,apartamento,349657300,Centro,3q+,87,206607.5,906.1732456140351,897.0,2025-01-23,2025-04-19,330753.2346491228,198451.94078947368,False
38262480,4,3.0,8,apartamento,103043977,Meia Praia,3q+,27,101850.0,1305.7692307692307,1200.0,2025-01-31,2025-02-26,476605.7692307692,285963.4615384615,True
53903158,3,2.0,8,apartamento,423201941,Morretes,3q+,72,206718.0,1167.8983050847457,1090.0,2025-01-16,2025-04-19,426282.8813559322,255769.7288135593,True
51301217,3,2.0,8,apartamento,374425488,Meia Praia,3q+,67,35077.0,523.5373134328358,399.0,2025-01-21,2025-04-07,191091.1194029851,114654.67164179105,False
16644316,3,2.0,8,apartamento,36070472,Meia Praia,3q+,67,54822.0,818.2388059701492,770.0,2025-01-06,2025-04-06,298657.16417910444,179194.29850746266,False
27201205,3,2.0,10,apartamento,30212746,Meia Praia,3q+,37,52322.6666,697.6355546666666,605.0,2025-01-23,2025-04-16,254636.97745333333,152782.186472,True
38730549,3,3.0,8,apartamento,276687424,Meia Praia,3q+,78,155868.5001,807.6088088082902,767.0,2025-01-19,2025-04-20,294777.21521502594,176866.32912901556,False
40794806,1,1.0,2,casa,291609302,None,Studio/1q,52,36400.5,700.0096153846154,709.0,2025-01-13,2025-03-05,255503.5096153846,153302.10576923075,True
53077335,3,2.0,7,apartamento,424751659,Centro,3q+,11,11000.0,1000.0,1000.0,2025-04-09,2025-04-19,365000.0,219000.0,False
50047341,3,2.0,8,apartamento,227735361,Meia Praia,3q+,36,25190.79168,340.41610378378374,300.0,2025-02-17,2025-04-20,124251.87788108106,74551.12672864864,True
944320965810800803,3,2.0,7,apartamento,421919557,Meia Praia,3q+,87,205582.5834,893.8373191304348,900.0,2025-01-24,2025-04-20,326250.6214826087,195750.37288956522,False
32443120,2,2.0,5,apartamento,243707200,Meia Praia,2q,13,6661.16666,512.3974353846154,529.0,2025-02-25,2025-03-09,187025.0639153846,112215.03834923076,False
795495744056169046,3,2.0,8,apartamento,143734218,Meia Praia,3q+,66,137124.5,914.1633333333333,812.5,2025-01-20,2025-04-20,333669.61666666664,200201.77,True
42362925,4,4.0,8,apartamento,158267412,Meia Praia,3q+,70,207649.5,1104.5186170212767,999.0,2025-01-07,2025-04-17,403149.295212766,241889.57712765958,False
1248514191377483703,2,1.0,6,apartamento,227777128,Centro,2q,87,112501.5,525.7079439252336,495.0,2025-01-12,2025-04-20,191883.39953271026,115130.03971962615,False
946451380352813662,3,3.0,6,apartamento,263894682,Meia Praia,3q+,28,54176.25,1105.6377551020407,1100.0,2025-01-15,2025-04-20,403557.78061224485,242134.6683673469,False
1050857413300266721,3,2.0,8,apartamento,227777128,Meia Praia,3q+,58,101038.0,673.5866666666667,575.0,2025-01-15,2025-04-02,245859.13333333336,147515.48,False
826063757882656916,1,1.0,4,apartamento,209153958,Meia Praia,Studio/1q,82,130400.5,620.9547619047619,516.0,2025-01-07,2025-04-19,226648.48809523808,135989.09285714285,True
39363955,2,1.0,7,apartamento,264090279,Meia Praia,2q,57,41024.9833,406.18795346534654,370.0,2025-02-03,2025-04-20,148258.60301485148,88955.16180891088,False
48848529,3,4.0,12,apartamento,332627905,Meia Praia,3q+,87,251424.0,1088.4155844155844,1000.0,2025-01-16,2025-04-17,397271.6883116883,238363.01298701297,True
40960741,1,1.0,4,apartamento,227594061,Meia Praia,Studio/1q,75,21603.0,288.04,275.0,2025-01-17,2025-04-06,105134.6,63080.76,False
1207940918769840398,1,1.0,2,apartamento,227777128,Centro,Studio/1q,77,77849.6667,399.22906,382.0,2025-01-24,2025-04-20,145718.6069,87431.16414000001,False
11508986,2,1.0,5,casa,60637188,Centro,2q,13,4533.5,348.7307692307692,354.0,2025-02-13,2025-03-08,127286.73076923077,76372.03846153845,False
47254288,3,2.0,6,apartamento,15810104,Meia Praia,3q+,72,87361.0,504.97687861271675,450.0,2025-02-08,2025-04-20,184316.5606936416,110589.93641618495,False
716703779507124462,2,2.0,6,apartamento,130826485,Meia Praia,2q,72,55210.0,766.8055555555555,790.0,2025-01-13,2025-03-31,279884.02777777775,167930.41666666666,True
730437501239201082,3,2.0,8,apartamento,476875761,Meia Praia,3q+,84,154451.57472,686.4514432,774.0,2025-01-27,2025-04-20,250554.77676799998,150332.86606079998,True
1035628196408986358,3,2.0,6,apartamento,227777128,Centro,3q+,43,104584.6666,1025.3398686274509,941.0,2025-01-31,2025-04-20,374249.05204901955,224549.4312294117,False
46327705,3,3.0,7,apartamento,100436759,Meia Praia,3q+,40,121704.3334,1014.2027783333334,950.0,2025-02-16,2025-03-27,370184.0140916667,222110.408455,False
1226856286781952840,2,1.0,5,apartamento,227777128,Centro,2q,86,154157.75,720.3633177570093,729.5,2025-01-11,2025-04-20,262932.6109813084,157759.56658878503,False
883930877150990341,1,1.0,3,outros,168122034,Meia Praia,Studio/1q,5,545.0,109.0,109.0,2025-04-02,2025-04-06,39785.0,23871.0,True
1057137469420115073,2,2.0,6,apartamento,227777128,Morretes,2q,78,132482.25,720.0122282608696,575.0,2025-01-08,2025-04-20,262804.4633152174,157682.67798913043,False
40289385,12,13.0,16,casa,309821176,Alto Sao Bento,3q+,62,160356.5,2586.3951612903224,2500.0,2025-02-01,2025-04-20,944034.2338709676,566420.5403225806,False
17034886,2,2.0,16,casa,20614599,Meia Praia,2q,46,38306.5,832.75,446.0,2025-01-06,2025-04-06,303953.75,182372.25,False
881204142086821328,3,2.0,7,apartamento,110135903,Meia Praia,3q+,68,93475.0,584.21875,550.0,2025-01-28,2025-04-20,213239.84375,127943.90625,True
1100991386372756521,2,2.0,8,apartamento,564369168,Meia Praia,2q,95,208166.0,826.0555555555555,800.0,2025-01-13,2025-04-20,301510.27777777775,180906.16666666666,True
1203075817950465589,3,2.0,6,apartamento,169848306,Centro,3q+,72,122790.0,1411.3793103448277,1400.0,2025-01-30,2025-04-20,515153.4482758621,309092.0689655172,False
46298558,2,2.0,4,apartamento,374795641,Meia Praia,2q,54,73574.0,588.592,490.0,2025-01-30,2025-04-20,214836.08,128901.64799999999,False
1055163452693752832,2,2.0,4,apartamento,457744513,Morretes,2q,72,96449.5,557.5115606936416,500.0,2025-01-22,2025-04-20,203491.7196531792,122095.03179190752,True
957349094500016515,2,2.0,6,apartamento,101612155,Centro,2q,82,148415.0,677.6940639269407,699.0,2025-01-25,2025-04-20,247358.33333333334,148415.0,True
53914255,2,2.0,5,apartamento,104163128,Meia Praia,2q,47,65498.3333,574.5467833333333,390.0,2025-02-11,2025-04-20,209709.57591666665,125825.74554999999,True
52530322,2,2.0,6,apartamento,14958831,Meia Praia,2q,78,66792.5,480.521582733813,450.0,2025-01-08,2025-04-20,175390.37769784173,105234.22661870504,False
45002455,2,2.0,5,apartamento,214665567,Meia Praia,2q,26,24655.0,432.5438596491228,250.0,2025-02-27,2025-04-17,157878.50877192983,94727.1052631579,False
37487828,3,2.0,8,apartamento,166209485,Meia Praia,3q+,49,53279.0,467.359649122807,380.0,2025-01-15,2025-04-20,170586.27192982455,102351.76315789473,True
769616108652112172,2,2.0,6,apartamento,488998008,Meia Praia,2q,33,11990.0,363.3333333333333,350.0,2025-02-25,2025-04-07,132616.66666666666,79569.99999999999,True
780872235421635957,2,2.0,7,apartamento,63773778,Meia Praia,2q,44,22670.5,515.2386363636364,499.0,2025-01-15,2025-03-31,188062.10227272726,112837.26136363635,False
1100720037663116812,3,3.0,6,apartamento,227777128,Centro,3q+,66,170454.25,1099.7048387096775,980.0,2025-01-20,2025-04-15,401392.2661290323,240835.35967741936,False
1195858349379362032,3,3.0,8,apartamento,157078457,Centro,3q+,65,132301.5,864.7156862745098,945.0,2025-01-11,2025-04-20,315621.2254901961,189372.73529411765,True
1161796266594364332,1,1.0,2,apartamento,331956182,Centro,Studio/1q,31,17500.0,460.5263157894737,450.0,2025-02-27,2025-04-16,168092.1052631579,100855.26315789473,True
16177778,3,3.0,8,apartamento,84162292,Meia Praia,3q+,92,175786.8,757.701724137931,810.0,2025-01-19,2025-04-20,276561.1293103448,165936.67758620688,True
1182028381058524086,1,1.0,4,apartamento,227777128,Centro,Studio/1q,70,86417.6667,608.5751176056339,598.75,2025-01-14,2025-04-20,222129.91792605637,133277.95075563382,False
1024067179174522246,1,1.0,2,casa,252615315,Leopoldo Zarling,Studio/1q,70,15088.53334,215.5504762857143,200.0,2025-01-26,2025-04-05,78675.92384428572,47205.55430657143,True
22901902,3,2.0,6,apartamento,62008227,Meia Praia,3q+,92,171600.1668,721.0091042016807,700.0,2025-01-19,2025-04-20,263168.32303361344,157900.99382016805,False
986245345084467584,3,3.0,8,apartamento,420307559,Meia Praia,3q+,86,200224.5,866.7727272727273,800.0,2025-01-25,2025-04-20,316372.04545454547,189823.22727272726,True
52214716,4,3.0,11,apartamento,108479878,Meia Praia,3q+,79,322062.6662,1555.8582908212559,1657.0,2025-01-18,2025-04-20,567888.2761497584,340732.965689855,False
1125970477826966385,2,2.0,4,apartamento,227777128,Morretes,2q,68,110431.3333,634.6628350574713,575.0,2025-01-08,2025-04-20,231651.93479597702,138991.1608775862,False
1053425333694349352,1,1.0,4,casa,489522906,Varzea,Studio/1q,48,9395.0,195.72916666666666,185.0,2025-01-13,2025-04-07,71441.14583333333,42864.68749999999,True
31454750,2,2.0,4,apartamento,235532848,Canto Da Praia,2q,59,32123.5,544.4661016949152,479.0,2025-01-20,2025-04-05,198730.12711864404,119238.07627118642,True
1297930390704189766,1,1.0,2,apartamento,227777128,Meia Praia,Studio/1q,85,122324.4167,596.7044717073171,545.0,2025-01-10,2025-04-20,217797.13217317074,130678.27930390244,False
734843676958831992,2,2.0,6,apartamento,88356886,Meia Praia,2q,32,14500.0,453.125,350.0,2025-01-24,2025-04-07,165390.625,99234.375,False
54145466,4,4.0,8,apartamento,438960914,Meia Praia,3q+,90,180000.0,2000.0,2000.0,2025-01-06,2025-04-05,730000.0,438000.0,False
675242237586865339,2,2.0,6,apartamento,272771814,Morretes,2q,77,95063.83334,482.55752964467,465.0,2025-01-06,2025-04-20,176133.49832030456,105680.09899218273,True
1234084273027568746,1,1.0,3,apartamento,227777128,Centro,Studio/1q,60,57598.1667,399.98726875,376.0,2025-01-17,2025-04-20,145995.35309375,87597.21185625,False
15523493,3,2.0,8,apartamento,95888620,Meia Praia,3q+,58,99391.25,671.5625,800.0,2025-01-27,2025-04-15,245120.3125,147072.1875,True
1083633025910461931,0,1.0,4,apartamento,560217184,Meia Praia,Studio/1q,46,14450.0,314.1304347826087,310.0,2025-02-11,2025-04-06,114657.60869565218,68794.5652173913,True
54237040,3,2.0,8,apartamento,375615711,Meia Praia,3q+,66,45940.6667,696.0707075757576,700.0,2025-01-29,2025-04-17,254065.80826515154,152439.4849590909,False
1034873975277447845,3,4.0,6,apartamento,227777128,Meia Praia,3q+,62,129418.5833,880.3985258503401,732.0,2025-01-19,2025-04-20,321345.4619353741,192807.27716122448,False
32606991,3,3.0,8,apartamento,228954970,Meia Praia,3q+,77,108545.99996,577.372340212766,550.83335,2025-01-24,2025-04-20,210740.90417765957,126444.54250659574,False
45911573,3,3.0,8,apartamento,232385898,Meia Praia,3q+,35,82388.0,1017.1358024691358,1100.0,2025-01-20,2025-03-10,371254.56790123455,222752.74074074073,False
38695314,3,3.0,9,apartamento,136079481,Meia Praia,3q+,62,94484.0,629.8933333333333,600.0,2025-01-12,2025-04-20,229911.06666666665,137946.63999999998,True
802357806571870530,3,3.0,6,apartamento,490367543,Meia Praia,3q+,55,76141.5,667.9078947368421,680.0,2025-02-09,2025-04-20,243786.38157894736,146271.8289473684,True
936216057908307884,2,2.0,8,casa,498276026,Morretes,2q,75,68430.21666,382.29171318435755,392.0,2025-01-28,2025-04-20,139536.4753122905,83721.8851873743,True
29870406,3,3.0,11,apartamento,186109158,Meia Praia,3q+,86,178493.3334,818.7767587155963,980.0,2025-01-09,2025-04-16,298853.51693119266,179312.1101587156,True
53133732,2,2.0,6,apartamento,108479878,Meia Praia,2q,82,165857.0,793.5741626794259,673.0,2025-01-29,2025-04-20,289654.56937799044,173792.74162679425,False
807898347637042057,3,2.0,7,apartamento,227845949,Morretes,3q+,16,6320.0,395.0,430.0,2025-03-23,2025-04-07,144175.0,86505.0,True
892662939259281401,4,0.0,10,apartamento,313547090,Meia Praia,3q+,13,19500.0,1500.0,1500.0,2025-01-11,2025-01-31,547500.0,328500.0,False
746451645715267085,3,3.0,9,apartamento,167766185,Meia Praia,3q+,91,241903.5,991.4077868852459,900.0,2025-01-20,2025-04-20,361863.8422131147,217118.30532786882,False
47783121,2,2.0,6,apartamento,385117347,Centro,2q,52,55926.78334,458.4162568852459,450.0,2025-02-10,2025-04-20,167321.93376311476,100393.16025786886,False
15754075,3,3.0,9,apartamento,48408494,Meia Praia,3q+,37,75721.9998,682.1801783783784,600.0,2025-01-28,2025-03-31,248995.7651081081,149397.45906486487,True
1229942592150628971,2,1.0,6,apartamento,221706412,Meia Praia,2q,25,8558.5,342.34,220.0,2025-02-21,2025-04-06,124954.09999999999,74972.45999999999,True
41532894,3,2.0,10,apartamento,10550294,Meia Praia,3q+,61,149854.4002,861.2321850574713,950.0,2025-01-22,2025-04-11,314349.747545977,188609.8485275862,True
1203140233522044896,1,1.0,4,apartamento,590436495,Centro,Studio/1q,88,104663.8667,471.458859009009,506.0,2025-01-12,2025-04-19,172082.4835382883,103249.49012297297,True
21662762,3,2.0,9,apartamento,157664879,Meia Praia,3q+,36,28613.0,317.9222222222222,300.0,2025-01-30,2025-04-17,116041.61111111111,69624.96666666666,False
54167570,3,3.0,15,apartamento,307859306,Meia Praia,3q+,81,276280.0,1402.4365482233502,1400.0,2025-01-26,2025-04-20,511889.3401015228,307133.60406091367,False
32134287,2,2.0,5,apartamento,240840442,Meia Praia,2q,84,54784.0,652.1904761904761,750.0,2025-01-07,2025-04-07,238049.5238095238,142829.71428571426,True
1048804459244346908,2,2.0,6,apartamento,307692057,Morretes,2q,82,145474.0,709.6292682926829,700.0,2025-01-07,2025-04-20,259014.68292682926,155408.80975609756,False
730503580289648392,2,2.0,6,apartamento,482254048,Centro,2q,10,7875.0,787.5,775.0,2025-01-28,2025-03-04,287437.5,172462.5,False
53936201,3,2.0,6,apartamento,25087975,Meia Praia,3q+,43,78789.8333,772.4493460784314,725.5,2025-02-15,2025-04-20,281944.01131862745,169166.40679117647,False
983188724209547131,3,0.0,8,apartamento,363548107,Meia Praia,3q+,74,179316.33334,905.6380471717172,1000.0,2025-01-27,2025-04-17,330557.8872176768,198334.73233060606,True
30617740,3,2.0,8,apartamento,63155078,Meia Praia,3q+,71,39511.0,556.4929577464789,500.0,2025-02-09,2025-04-20,203119.9295774648,121871.95774647887,False
1044223371798078486,3,3.0,8,apartamento,153811598,Meia Praia,3q+,70,56075.0,801.0714285714286,800.0,2025-01-07,2025-04-06,292391.0714285714,175434.64285714284,False
46220279,3,2.0,8,apartamento,374349951,Meia Praia,3q+,80,138134.7,680.4665024630542,697.0,2025-01-27,2025-04-16,248370.27339901478,149022.16403940888,True
47326216,3,2.0,8,apartamento,242898450,Meia Praia,3q+,87,255701.0,1141.5223214285713,1100.0,2025-01-18,2025-04-20,416655.6473214285,249993.3883928571,True
47543180,2,1.0,5,casa,338776641,Centro,2q,38,9037.5,237.82894736842104,250.0,2025-02-20,2025-04-20,86807.56578947368,52084.539473684206,True
1272537775161574422,2,2.0,4,apartamento,227777128,Meia Praia,2q,56,78724.0,566.3597122302158,495.0,2025-01-27,2025-04-20,206721.29496402876,124032.77697841724,False
31169655,2,2.0,6,apartamento,217210284,Meia Praia,2q,65,26306.75,404.71923076923076,375.0,2025-01-30,2025-04-20,147722.51923076922,88633.51153846153,False
35934720,2,1.0,4,apartamento,49344444,Canto Da Praia,2q,10,5000.0,500.0,500.0,2025-02-28,2025-03-09,182500.0,109500.0,False
22810332,1,1.0,2,apartamento,164192627,Meia Praia,Studio/1q,65,80647.8,480.0464285714286,480.0,2025-02-15,2025-04-20,175216.94642857142,105130.16785714285,False
48941838,2,2.0,6,apartamento,381365841,Centro,2q,46,47620.0,410.51724137931035,370.0,2025-02-08,2025-04-15,149838.7931034483,89903.27586206897,False
45923984,3,3.0,8,apartamento,372160183,Canto Da Praia,3q+,28,23766.5,344.44202898550725,300.0,2025-02-16,2025-04-17,125721.34057971014,75432.80434782608,False
46372862,2,1.0,8,apartamento,53765443,Meia Praia,2q,74,31471.65,425.2925675675676,518.0,2025-01-24,2025-04-07,155231.78716216216,93139.07229729729,False
46598066,2,2.0,6,apartamento,162540682,Centro,2q,85,228434.0,1052.6912442396313,1000.0,2025-01-26,2025-04-20,384232.3041474654,230539.38248847923,True
41260111,4,3.0,11,apartamento,35023031,Meia Praia,3q+,85,399733.6004,1833.6403688073394,1763.0,2025-01-12,2025-04-20,669278.7346146789,401567.2407688073,False
48243472,3,3.0,8,apartamento,131466104,Centro,3q+,60,169859.6668,1369.8360225806452,1414.3125,2025-01-12,2025-03-31,499990.14824193553,299994.0889451613,True
40039627,1,1.0,3,apartamento,137095078,Centro,Studio/1q,84,69481.9167,337.2908577669903,323.0,2025-01-07,2025-04-20,123111.16308495146,73866.69785097087,True
1053522951026570547,2,2.0,6,apartamento,193260069,Canto Da Praia,2q,86,139411.4332,670.247275,659.55,2025-01-25,2025-04-20,244640.25537499998,146784.153225,False
1046547202929220520,1,1.0,2,apartamento,172395511,Meia Praia,Studio/1q,59,61027.41666,415.1524942857143,412.5,2025-01-29,2025-04-20,151530.66041428572,90918.39624857143,True
49968308,3,2.0,6,apartamento,286958538,Meia Praia,3q+,26,35134.0,717.0204081632653,700.0,2025-01-26,2025-03-31,261712.44897959183,157027.4693877551,False
53915734,2,3.0,4,apartamento,15890874,Morretes,2q,64,87172.0,503.88439306358384,450.0,2025-01-21,2025-03-31,183917.8034682081,110350.68208092485,True
52474050,2,2.0,7,apartamento,424751659,Meia Praia,2q,22,17160.0,780.0,780.0,2025-01-29,2025-04-19,284700.0,170820.0,False
9658725,2,2.0,6,apartamento,49924388,Meia Praia,2q,10,2821.0,282.1,300.0,2025-03-24,2025-04-02,102966.50000000001,61779.90000000001,False
629724091250673746,2,2.0,6,apartamento,227777128,Meia Praia,2q,71,92840.1666,640.2770110344827,588.0,2025-01-13,2025-04-20,233701.10902758618,140220.6654165517,False
42003334,3,2.0,8,apartamento,332727679,Meia Praia,3q+,65,112671.1997,655.0651145348837,500.0,2025-01-30,2025-04-16,239098.76680523256,143459.26008313952,True
1083196219974177016,2,1.0,4,apartamento,537395460,Casa Branca,2q,57,19024.0,333.7543859649123,315.0,2025-01-20,2025-04-06,121820.35087719298,73092.21052631579,False
30085847,2,2.0,5,apartamento,100594958,Meia Praia,2q,86,116445.00006,541.6046514418605,490.0,2025-01-07,2025-04-20,197685.69777627906,118611.41866576743,False
573122310094338767,3,2.0,6,apartamento,128764932,Meia Praia,3q+,44,66744.1668,601.2988,550.0,2025-03-05,2025-04-17,219474.062,131684.4372,False
1005958896607152946,2,1.0,5,apartamento,133449117,Casa Branca,2q,55,40215.0,249.7826086956522,240.0,2025-01-10,2025-03-31,91170.65217391305,54702.39130434783,True
30332330,2,1.0,6,apartamento,227770961,Centro,2q,56,51982.58329,373.975419352518,350.0,2025-01-27,2025-04-16,136501.02806366907,81900.61683820144,False
1124052077567202180,4,5.0,16,casa,229274315,Morretes,3q+,20,20246.0,880.2608695652174,700.0,2025-03-26,2025-04-16,321295.2173913043,192777.1304347826,False
46530405,3,2.0,8,apartamento,73082025,Morretes,3q+,83,232804.9332,1048.6708702702704,984.0,2025-01-24,2025-04-20,382764.8676486487,229658.9205891892,False
51405106,3,3.0,8,apartamento,416325293,Meia Praia,3q+,74,174346.5,894.0846153846154,1000.0,2025-02-01,2025-04-20,326340.8846153846,195804.53076923077,True
54020562,3,2.0,7,casa,142692280,Centro,3q+,29,10600.0,365.51724137931035,350.0,2025-01-20,2025-03-05,133413.7931034483,80048.27586206897,False
53893648,2,2.0,6,apartamento,143699250,Meia Praia,2q,56,86651.0,632.4890510948906,550.0,2025-02-17,2025-04-20,230858.50364963507,138515.10218978103,True
31972121,2,1.0,5,apartamento,239715232,Meia Praia,2q,59,20300.0,344.06779661016947,350.0,2025-01-30,2025-04-06,125584.74576271186,75350.84745762711,False
53458717,3,2.0,6,apartamento,432871398,Meia Praia,3q+,51,50237.66666,392.48177078125,380.0,2025-02-21,2025-04-15,143255.84633515627,85953.50780109376,True
1208718899534488031,1,1.0,2,apartamento,227777128,Centro,Studio/1q,90,97025.6667,435.0926757847534,427.0,2025-01-21,2025-04-20,158808.82666143498,95285.295996861,False
52650644,3,2.0,7,apartamento,425473274,Meia Praia,3q+,75,85787.5,680.8531746031746,600.0,2025-01-15,2025-04-20,248511.40873015873,149106.84523809524,False
53175731,3,2.0,7,apartamento,235552021,Meia Praia,3q+,101,287038.3333,1083.1635218867925,1199.0,2025-01-10,2025-04-20,395354.6854886793,237212.81129320755,False
28160414,3,2.0,6,apartamento,42526517,Centro,3q+,61,93074.0,612.328947368421,498.0,2025-02-19,2025-04-20,223500.06578947368,134100.0394736842,False
28932247,3,2.0,9,casa,218078770,Meia Praia,3q+,50,49079.5,495.75252525252523,450.0,2025-02-04,2025-04-07,180949.6717171717,108569.80303030302,False
1181933658424522281,1,1.0,2,apartamento,227777128,Centro,Studio/1q,77,74317.08336,387.0681425,374.16667,2025-01-19,2025-04-20,141279.8720125,84767.9232075,False
1047723626454445067,3,3.0,8,apartamento,547717764,Meia Praia,3q+,104,440560.8336,1637.7726156133829,1750.0,2025-01-07,2025-04-20,597787.0046988848,358672.20281933085,False
27718978,4,4.0,9,apartamento,195840129,Meia Praia,3q+,24,21760.0,530.7317073170732,500.0,2025-03-09,2025-04-17,193717.07317073172,116230.24390243903,False
52358821,3,2.0,6,casa,423800068,Canto Da Praia,3q+,84,58029.0,690.8214285714286,600.0,2025-01-13,2025-04-06,252149.82142857142,151289.89285714284,True
790752171303746450,2,2.0,6,apartamento,125331845,Meia Praia,2q,87,147704.0,665.3333333333334,750.0,2025-01-07,2025-04-20,242846.6666666667,145708.0,False
859653300578357102,2,4.0,4,apartamento,25984866,Morretes,2q,57,120042.0,702.0,702.0,2025-01-28,2025-03-31,256230.0,153738.0,True
40246675,2,1.0,7,apartamento,110461611,Meia Praia,2q,44,37504.0,357.18095238095236,350.0,2025-02-25,2025-04-20,130371.04761904762,78222.62857142856,False
721143022842232721,3,2.0,8,apartamento,154505641,Meia Praia,3q+,59,29614.6667,501.94350338983054,500.0,2025-02-02,2025-04-06,183209.37873728815,109925.62724237288,False
811053746893495263,3,2.0,8,apartamento,156106311,Meia Praia,3q+,66,71432.0,435.5609756097561,400.0,2025-01-21,2025-04-20,158979.75609756098,95387.85365853658,False
9784227,2,2.0,6,apartamento,35566716,Meia Praia,2q,19,9120.0,480.0,480.0,2025-02-01,2025-02-28,175200.0,105120.0,False
1179103047052148475,4,3.0,8,apartamento,227777128,Meia Praia,3q+,47,70681.0,686.2233009708738,640.5,2025-01-29,2025-04-20,250471.50485436892,150282.90291262136,False
549056203343531816,3,2.0,8,apartamento,241110689,Meia Praia,3q+,48,47683.75,554.4622093023256,650.0,2025-02-01,2025-04-20,202378.70639534885,121427.22383720931,True
1006396584243125090,1,1.0,4,apartamento,137095078,Centro,Studio/1q,83,119595.5832,574.9787653846154,601.0,2025-01-17,2025-04-20,209867.2493653846,125920.34961923075,True
41493620,2,2.0,4,apartamento,326669607,Meia Praia,2q,98,195423.0241,763.371187890625,750.0,2025-01-13,2025-04-20,278630.4835800781,167178.29014804686,False
1207338410880339003,1,1.0,2,apartamento,227777128,Centro,Studio/1q,86,98761.6667,435.0734215859031,427.0,2025-01-25,2025-04-20,158801.79887885464,95281.07932731278,False
52670832,3,2.0,8,apartamento,426361261,Meia Praia,3q+,13,9509.41666,475.470833,470.0,2025-04-04,2025-04-16,173546.85404500001,104128.112427,True
41147466,0,2.0,6,apartamento,227013163,Meia Praia,Studio/1q,45,58084.8334,537.8225314814815,540.0,2025-03-07,2025-04-20,196305.22399074075,117783.13439444445,True
52365560,1,1.0,4,apartamento,227594061,Meia Praia,Studio/1q,75,24340.0,324.53333333333336,300.0,2025-02-05,2025-04-20,118454.66666666667,71072.8,False
37708447,3,2.0,10,apartamento,178028206,Meia Praia,3q+,44,79124.0,791.24,700.0,2025-02-16,2025-04-20,288802.6,173281.55999999997,True
784836681288428817,2,1.0,5,apartamento,487523223,Casa Branca,2q,65,24530.0,377.38461538461536,370.0,2025-01-23,2025-04-07,137745.3846153846,82647.23076923075,False
1171049670344322120,3,3.0,8,apartamento,244081776,Meia Praia,3q+,61,41369.0,678.1803278688525,599.0,2025-02-19,2025-04-20,247535.81967213115,148521.49180327868,True
1254489827996538747,3,3.0,8,apartamento,596915180,Meia Praia,3q+,74,91659.6666,1238.6441432432432,1190.0,2025-01-12,2025-04-07,452105.1122837838,271263.06737027026,True
1320994692912931266,2,1.0,5,apartamento,227777128,Centro,2q,99,269679.5,1087.4173387096773,865.0,2025-01-06,2025-04-20,396907.32862903224,238144.39717741933,False
21295667,3,4.0,9,apartamento,147436857,Meia Praia,3q+,53,89657.49986,679.2234837878788,517.0,2025-02-27,2025-04-20,247916.57158257574,148749.94294954542,False
973272705231391942,2,1.0,4,apartamento,96045548,Meia Praia,2q,45,13550.0,301.1111111111111,240.0,2025-02-15,2025-03-31,109905.55555555555,65943.33333333333,True
1045916135727198441,2,2.0,6,apartamento,478019252,Meia Praia,2q,59,103302.2501,688.6816673333334,650.0,2025-02-21,2025-04-20,251368.8085766667,150821.285146,False
900757690500508426,2,2.0,8,apartamento,108479878,Meia Praia,2q,60,77741.0,653.2857142857143,795.0,2025-01-12,2025-04-17,238449.28571428574,143069.57142857145,False
821574780923920105,3,3.0,6,apartamento,439660269,Meia Praia,3q+,54,52014.0,611.9294117647058,600.0,2025-02-15,2025-04-20,223354.23529411762,134012.54117647058,False
39583346,3,3.0,6,apartamento,120964560,Meia Praia,3q+,50,70548.20834,592.8420868907563,700.0,2025-01-27,2025-04-19,216387.36171512603,129832.41702907562,True
52059007,2,2.0,6,apartamento,3062823,Centro,2q,105,233428.123,922.6408023715414,1000.0,2025-01-06,2025-04-20,336763.89286561264,202058.33571936758,False
42625075,3,2.0,8,apartamento,219606283,Meia Praia,3q+,61,163050.75,1072.702302631579,1000.0,2025-01-06,2025-04-20,391536.3404605263,234921.80427631576,False
46710652,3,3.0,9,apartamento,333431124,Meia Praia,3q+,71,108423.0,595.7307692307693,550.0,2025-01-26,2025-04-20,217441.73076923078,130465.03846153847,False
40209404,1,1.0,4,apartamento,137095078,Centro,Studio/1q,73,63853.5,347.0298913043478,311.0,2025-01-14,2025-04-20,126665.91032608695,75999.54619565216,True
52758042,4,4.0,8,apartamento,108479878,Meia Praia,3q+,103,806180.0,3019.4007490636704,3000.0,2025-01-08,2025-04-20,1102081.2734082397,661248.7640449438,False
837646263953285868,2,2.0,7,apartamento,433491007,Meia Praia,2q,68,80981.2167,482.03105178571434,460.0,2025-01-18,2025-04-17,175941.33390178572,105564.80034107143,True
46724379,2,1.0,7,apartamento,377630426,Meia Praia,2q,100,112901.8334,474.3774512605042,481.0,2025-01-10,2025-04-19,173147.76971008402,103888.6618260504,True
40191152,4,5.0,10,apartamento,99685826,Meia Praia,3q+,76,151981.3333,1999.7543855263157,2500.0,2025-01-22,2025-04-07,729910.3507171052,437946.21043026313,False
790006111813482352,2,2.0,6,apartamento,168733553,Meia Praia,2q,68,29037.0,427.0147058823529,405.0,2025-01-18,2025-04-07,155860.36764705883,93516.22058823529,False
29302246,2,1.0,5,apartamento,130014999,Casa Branca,2q,58,22894.0,394.7241379310345,400.0,2025-01-22,2025-04-06,144074.3103448276,86444.58620689655,False
51683537,2,2.0,5,apartamento,201292310,Meia Praia,2q,28,32240.5,441.6506849315069,400.0,2025-02-23,2025-04-12,161202.5,96721.5,True
1218889785346856352,2,2.0,7,apartamento,308986574,Meia Praia,2q,30,17241.0,574.7,505.0,2025-01-14,2025-02-27,209765.50000000003,125859.30000000002,False
780376166619260652,3,3.0,6,apartamento,312224536,Meia Praia,3q+,44,23296.0,529.4545454545455,429.0,2025-02-23,2025-04-07,193250.90909090912,115950.54545454547,False
892721989592935461,2,2.0,6,apartamento,504021760,Centro,2q,49,47721.5,378.7420634920635,350.0,2025-01-19,2025-04-16,138240.85317460317,82944.5119047619,False
53492577,3,2.0,8,apartamento,433162432,Meia Praia,3q+,28,8190.0,292.5,300.0,2025-03-04,2025-04-07,106762.5,64057.5,False
978410400232267791,2,2.0,6,apartamento,536674716,Centro,2q,31,12285.83334,396.317204516129,400.0,2025-03-01,2025-03-31,144655.77964838708,86793.46778903225,False
16570256,3,3.0,10,apartamento,109165105,Meia Praia,3q+,47,23400.79298,497.8892123404255,523.0,2025-02-09,2025-04-06,181729.5625042553,109037.73750255318,False
52354467,3,2.0,6,apartamento,31856877,Meia Praia,3q+,68,93441.5,584.009375,450.0,2025-02-01,2025-04-20,213163.421875,127898.05312499999,True
47816646,2,2.0,4,apartamento,162290634,Ilhota,2q,73,38562.0,528.2465753424658,590.0,2025-01-12,2025-04-06,192810.00000000003,115686.00000000001,True
42138941,2,2.0,4,apartamento,252425745,Meia Praia,2q,69,81600.0,1182.608695652174,1200.0,2025-01-27,2025-04-05,431652.1739130435,258991.3043478261,False
42704327,3,3.0,8,apartamento,340165323,Centro,3q+,84,264632.0001,1290.8878053658536,1394.0,2025-01-16,2025-04-20,471174.0489585366,282704.42937512195,False
42013117,2,2.0,6,apartamento,236385921,Meia Praia,2q,26,14794.1666,569.0064076923077,590.0,2025-01-29,2025-03-12,207687.33880769231,124612.40328461539,False
27981528,3,2.0,6,apartamento,50656328,Casa Branca,3q+,61,80597.25,555.8431034482759,500.0,2025-01-15,2025-04-20,202882.7327586207,121729.63965517242,True
1184078920130796920,2,2.0,4,apartamento,15890874,Morretes,2q,70,29002.0,414.3142857142857,407.5,2025-02-05,2025-04-19,151224.7142857143,90734.82857142857,True
1062221285605590578,3,3.0,8,apartamento,211908900,Centro,3q+,82,79566.8571,589.3841266666666,500.0,2025-01-13,2025-04-20,215125.2062333333,129075.12373999998,False
41533462,3,3.0,10,apartamento,10550294,Meia Praia,3q+,71,44052.0,620.4507042253521,750.0,2025-01-12,2025-04-07,226464.5070422535,135878.7042253521,True
53645678,3,2.0,7,apartamento,173859664,Meia Praia,3q+,61,80055.0,734.4495412844037,770.0,2025-02-19,2025-04-20,268074.08256880735,160844.4495412844,False
47402735,2,2.0,6,apartamento,330683989,Centro,2q,66,30493.7,462.0257575757576,399.0,2025-01-25,2025-04-20,168639.40151515152,101183.64090909091,False
946609581890906389,3,2.0,7,apartamento,57580549,Meia Praia,3q+,37,31422.83334,413.45833342105266,396.16667,2025-02-25,2025-04-14,150912.29169868422,90547.37501921052,True
1084601543056055517,4,3.0,12,apartamento,201616042,Meia Praia,3q+,63,85496.0,1357.079365079365,1400.0,2025-02-04,2025-04-07,495333.9682539682,297200.38095238095,True
1021217453140595481,1,1.0,4,hotel,545794498,Meia Praia,Studio/1q,46,18346.0,398.82608695652175,330.0,2025-01-07,2025-04-06,145571.52173913043,87342.91304347826,False
1052110098791057231,2,2.0,6,apartamento,227777128,Meia Praia,2q,53,68053.0,673.7920792079208,575.0,2025-01-08,2025-04-20,245934.10891089108,147560.46534653465,False
831740758559247685,3,2.0,5,apartamento,475370954,Meia Praia,3q+,34,82122.0,805.1176470588235,800.0,2025-02-21,2025-03-31,293867.9411764706,176320.76470588235,False
40320100,2,2.0,5,apartamento,62313742,Morretes,2q,75,58741.4999,783.2199986666667,760.8333,2025-02-03,2025-04-19,285875.29951333336,171525.179708,False
16350860,2,2.0,5,apartamento,38708367,Meia Praia,2q,65,39255.75,603.9346153846154,653.0,2025-02-03,2025-04-20,220436.13461538462,132261.68076923076,True
1198703061430420363,1,1.0,4,apartamento,589186275,Centro,Studio/1q,40,36390.5,391.2956989247312,400.0,2025-02-26,2025-04-20,142822.9301075269,85693.75806451614,True
1282577030741754149,1,1.0,2,apartamento,227777128,Centro,Studio/1q,72,72593.6667,398.86630054945056,382.0,2025-01-17,2025-04-20,145586.19970054945,87351.71982032967,False
801271167231006592,2,2.0,6,apartamento,442511487,Meia Praia,2q,40,20407.66666,251.94650197530862,250.0,2025-03-12,2025-04-20,91960.47322098765,55176.28393259259,True
38638326,3,3.0,6,apartamento,4678179,Meia Praia,3q+,80,131735.0835,665.3287045454546,675.0,2025-01-24,2025-04-20,242844.97715909092,145706.98629545455,True
1317427472349939673,3,2.0,9,casa,491887423,Centro,3q+,91,91000.0,1000.0,1000.0,2025-01-06,2025-04-06,365000.0,219000.0,False
53605382,4,3.0,7,apartamento,224709540,Centro,3q+,39,27800.0,712.8205128205128,700.0,2025-01-21,2025-04-07,260179.4871794872,156107.6923076923,False
52646204,4,4.0,10,apartamento,37074549,Meia Praia,3q+,66,168848.8,987.4198830409356,899.0,2025-02-01,2025-04-20,360408.2573099415,216244.9543859649,True
40560834,2,2.0,9,apartamento,137095078,Centro,2q,90,162357.8334,718.397492920354,736.0,2025-01-16,2025-04-20,262215.08491592924,157329.05094955754,True
1208704132667695539,1,1.0,2,apartamento,227777128,Centro,Studio/1q,95,148525.25,616.2873443983402,600.0,2025-01-10,2025-04-20,224944.88070539417,134966.9284232365,False
1045459185575382038,2,2.0,5,apartamento,323636986,Morretes,2q,93,136630.0,550.9274193548387,550.0,2025-01-12,2025-04-20,201088.50806451612,120653.10483870967,True
53669499,3,3.0,6,apartamento,25984866,Meia Praia,3q+,59,127617.0,721.0,810.0,2025-01-20,2025-03-19,263165.0,157899.0,True
21607605,4,3.0,11,apartamento,93056854,Meia Praia,3q+,47,36617.3333,779.0921978723404,650.0,2025-01-25,2025-04-17,284368.65222340426,170621.19133404255,False
721635424816164605,3,4.0,8,apartamento,480585598,Meia Praia,3q+,59,107487.9999,751.664334965035,740.0,2025-01-29,2025-04-20,274357.48226223775,164614.48935734265,True
31284638,3,0.0,8,apartamento,130899725,Centro,3q+,40,81090.0,932.0689655172414,990.0,2025-01-31,2025-04-19,340205.1724137931,204123.10344827586,True
46036384,2,2.0,6,apartamento,229738159,Morretes,2q,58,46379.5,341.0257352941176,330.0,2025-01-23,2025-04-20,124474.39338235294,74684.63602941176,True
53717416,3,2.0,6,apartamento,227777128,Meia Praia,3q+,76,122435.5832,687.8403550561798,644.0,2025-01-21,2025-04-20,251061.7295955056,150637.03775730336,False
21324331,2,1.0,6,apartamento,154361388,Meia Praia,2q,34,74211.0,797.9677419354839,802.0,2025-02-05,2025-03-24,291258.22580645164,174754.93548387097,True
27022969,4,4.0,8,apartamento,158715358,Meia Praia,3q+,60,258970.1666,1726.4677773333333,1808.0,2025-01-08,2025-03-08,630160.7387266667,378096.44323599996,False
782548209247570691,3,3.0,8,apartamento,363548107,Meia Praia,3q+,54,92392.1667,699.9406568181819,700.0,2025-02-11,2025-04-20,255478.3397386364,153287.00384318182,True
799251513158018593,3,2.0,6,apartamento,407863529,Morretes,3q+,60,79304.3762,550.7248347222222,500.0,2025-02-20,2025-04-20,201014.5646736111,120608.73880416666,True
1153552657765472365,2,2.0,4,apartamento,25087975,Centro,2q,35,30729.50004,393.9679492307692,344.75,2025-02-04,2025-04-20,143798.30146923076,86278.98088153846,False
633809099013662442,3,2.0,7,apartamento,365165683,Meia Praia,3q+,42,48947.0,466.16190476190474,450.0,2025-02-05,2025-04-17,170149.09523809524,102089.45714285714,True
1139831117529014384,3,2.0,6,apartamento,532186286,Tabuleiro Dos Oliveiras,3q+,82,133336.0,625.9906103286385,610.0,2025-01-24,2025-04-20,228486.57276995305,137091.94366197183,True
708045427082372124,2,2.0,5,apartamento,233212126,Centro,2q,94,315732.0,1252.904761904762,1250.0,2025-01-13,2025-04-20,457310.2380952381,274386.14285714284,False
1213824251801309412,3,3.0,6,apartamento,227777128,Meia Praia,3q+,72,210414.25,1125.2098930481284,993.0,2025-01-14,2025-04-20,410701.61096256686,246420.9665775401,False
1030981527494824971,2,2.0,5,apartamento,287171574,Morretes,2q,27,22051.16668,297.9887389189189,250.0,2025-02-07,2025-04-08,108765.8897054054,65259.53382324323,True
771134836709283777,3,2.0,8,apartamento,367477498,Meia Praia,3q+,15,5367.0,357.8,300.0,2025-02-23,2025-04-07,130597.0,78358.2,False
18505349,3,2.0,6,apartamento,113630743,Centro,3q+,30,41243.0,634.5076923076923,650.0,2025-03-15,2025-04-13,231595.3076923077,138957.1846153846,True
980310639590708922,2,2.0,4,apartamento,227777128,Meia Praia,2q,91,148172.8333,664.452167264574,594.0,2025-01-10,2025-04-20,242525.0410515695,145515.0246309417,False
841394344184198064,3,4.0,8,apartamento,333991592,Centro,3q+,31,58991.0,662.8202247191011,600.0,2025-01-21,2025-03-31,241929.38202247192,145157.62921348316,False
12931525,3,1.0,6,apartamento,22866354,Meia Praia,3q+,46,45932.99994,417.57272672727277,400.0,2025-01-15,2025-04-20,152414.04525545455,91448.42715327273,False
1283982403734255309,1,1.0,4,apartamento,227777128,Centro,Studio/1q,67,100295.3334,593.4635112426035,586.6667,2025-01-30,2025-04-20,216614.1816035503,129968.50896213017,False
784598714032826222,4,4.0,12,apartamento,491528799,Meia Praia,3q+,71,167566.0002,1188.4113489361703,1200.0,2025-01-14,2025-04-07,433770.14236170216,260262.0854170213,False
599368528094352718,3,0.0,6,apartamento,237271118,Meia Praia,3q+,24,20418.0,416.6938775510204,305.0,2025-02-06,2025-04-16,152093.26530612246,91255.95918367348,True
1028988415727336651,1,1.0,4,apartamento,489737906,Meia Praia,Studio/1q,70,39338.3333,561.97619,570.0,2025-01-17,2025-04-06,205121.30935,123072.78560999999,False
628340205412932131,1,1.0,4,apartamento,13675693,Morretes,Studio/1q,12,16400.0,512.5,400.0,2025-01-10,2025-03-03,187062.5,112237.5,True
760805979001764233,3,1.0,9,casa,487829416,Meia Praia,3q+,3,1950.0,650.0,650.0,2025-01-24,2025-01-26,237250.0,142350.0,False
739015384619300207,4,5.0,12,apartamento,25984866,Meia Praia,3q+,58,279428.2096,1605.9092505747126,1604.0,2025-02-02,2025-03-31,586156.8764597701,351694.1258758621,True
1259534245145609058,1,1.0,2,apartamento,227777128,Centro,Studio/1q,60,63500.9833,444.06282027972026,384.0,2025-01-15,2025-04-20,162082.92940209789,97249.75764125872,False
894985131313802009,3,2.0,8,apartamento,227777128,Meia Praia,3q+,68,117543.75,679.443641618497,627.0,2025-02-07,2025-04-20,247996.92919075143,148798.15751445084,False
53337464,2,2.0,6,apartamento,292810996,Meia Praia,2q,89,108313.0,656.4424242424243,550.0,2025-01-22,2025-04-20,239601.48484848486,143760.8909090909,False
604521043281534642,4,3.0,7,apartamento,454189646,Centro,3q+,27,25040.0,927.4074074074074,1080.0,2025-01-13,2025-03-14,338503.7037037037,203102.22222222222,True
1238321506456103932,2,2.0,6,apartamento,227777128,Centro,2q,76,150531.0,760.2575757575758,770.0,2025-02-04,2025-04-20,277494.01515151514,166496.4090909091,False
986407426689940399,2,2.0,5,apartamento,371795715,Meia Praia,2q,43,29335.0,293.35,300.0,2025-01-18,2025-04-17,107072.75000000001,64243.65000000001,True
963040775940890055,2,2.0,5,apartamento,227777128,Tabuleiro Dos Oliveiras,2q,81,153699.9999,714.8837204651163,644.0,2025-01-12,2025-04-20,260932.55796976745,156559.53478186048,False
38693604,3,2.0,8,apartamento,226638643,Meia Praia,3q+,85,100200.0,596.4285714285714,650.0,2025-01-21,2025-04-20,217696.42857142858,130617.85714285714,False
791313913845076166,4,2.0,8,apartamento,493033982,Meia Praia,3q+,50,42500.0,850.0,850.0,2025-02-09,2025-04-06,310250.0,186150.0,False
20618105,2,2.0,5,apartamento,147375383,Meia Praia,2q,44,82484.7571,649.4862763779528,634.3333,2025-01-13,2025-03-06,237062.49087795278,142237.49452677165,False
35826155,2,2.0,6,apartamento,269489781,Meia Praia,2q,20,11800.0,590.0,590.0,2025-04-01,2025-04-20,215350.0,129210.0,True
45531969,3,2.0,8,apartamento,43117008,Meia Praia,3q+,53,59002.8,648.3824175824176,650.0,2025-02-16,2025-04-20,236659.58241758242,141995.74945054945,True
1060712994513047104,2,2.0,5,apartamento,236312282,Morretes,2q,78,84242.75,448.09973404255317,427.0,2025-01-11,2025-04-20,163556.4029255319,98133.84175531914,True
1274679812745645557,1,1.0,4,apartamento,227777128,Centro,Studio/1q,88,124881.8334,594.6753971428572,607.0,2025-01-14,2025-04-20,217056.51995714285,130233.9119742857,False
16253828,3,2.0,7,apartamento,94785537,Meia Praia,3q+,73,308198.0,1605.1979166666667,1610.6666,2025-01-29,2025-04-19,585897.2395833334,351538.34375,False
14872547,2,2.0,5,apartamento,38708367,Meia Praia,2q,64,39249.25,613.26953125,690.75,2025-01-27,2025-03-31,223843.37890625,134306.02734375,True
790431243381422888,3,3.0,8,apartamento,245132330,Meia Praia,3q+,104,250524.6666,956.2010175572519,1000.0,2025-01-07,2025-04-20,349013.371408397,209408.02284503818,False
17570590,4,3.0,10,apartamento,10844239,Meia Praia,3q+,68,177868.0,1560.2456140350878,1574.0,2025-01-12,2025-04-20,569489.6491228071,341693.7894736842,True
580589381711973141,2,2.0,4,apartamento,378773794,Morretes,2q,52,21050.0,404.8076923076923,350.0,2025-02-05,2025-04-06,147754.8076923077,88652.88461538461,False
577333685681759877,2,2.0,6,apartamento,448386175,Meia Praia,2q,38,51333.5,546.1010638297872,498.0,2025-01-16,2025-04-20,199326.88829787233,119596.13297872338,True
1285538056394050628,2,2.0,7,apartamento,227777128,Centro,2q,97,268693.75,1079.0913654618473,1320.0,2025-01-06,2025-04-20,393868.3483935743,236321.00903614456,False
45711835,4,2.0,10,apartamento,364423090,Meia Praia,3q+,13,14250.0,890.625,900.0,2025-02-05,2025-02-23,325078.125,195046.875,False
17294276,4,4.0,9,apartamento,116665407,Meia Praia,3q+,47,89342.0001,992.68889,850.0,2025-01-30,2025-04-20,362331.44485,217398.86691,False
29761442,3,2.0,7,apartamento,114511450,Meia Praia,3q+,11,14360.5,512.875,380.0,2025-02-09,2025-03-14,187199.375,112319.625,False
734774611454860165,4,3.0,8,apartamento,374285557,Meia Praia,3q+,64,94233.25,615.9035947712418,625.0,2025-02-10,2025-04-20,224804.81209150326,134882.88725490196,False
1058193595817353204,2,2.0,6,apartamento,277188310,Tabuleiro Dos Oliveiras,2q,33,35115.5,394.5561797752809,400.0,2025-02-09,2025-04-20,144013.00561797753,86407.80337078651,True
32585103,2,2.0,5,apartamento,5726206,Meia Praia,2q,57,60709.0,449.6962962962963,600.0,2025-01-28,2025-04-15,164139.14814814815,98483.48888888888,True
1025356251415331533,2,2.0,5,apartamento,224034525,Morretes,2q,36,29494.0,368.675,350.0,2025-01-17,2025-04-20,134566.375,80739.825,True
525472560929976068,3,3.0,8,apartamento,435690796,Meia Praia,3q+,87,228052.5001,1055.7986115740741,1090.0,2025-01-09,2025-04-20,385366.49322453706,231219.89593472224,False
1207864392976162235,1,1.0,4,apartamento,219316956,Centro,Studio/1q,98,127611.0,554.8304347826087,600.0,2025-01-13,2025-04-20,202513.10869565216,121507.86521739129,False
802922826036667371,3,3.0,8,apartamento,236833168,Meia Praia,3q+,64,77500.0,1210.9375,1200.0,2025-02-02,2025-04-06,441992.1875,265195.3125,True
50059423,2,2.0,6,apartamento,182050913,Meia Praia,2q,40,45897.3334,521.5606068181819,500.0,2025-02-15,2025-04-16,190369.6214886364,114221.77289318183,True
39715668,2,1.0,4,apartamento,305132451,Casa Branca,2q,65,35887.5,233.03571428571428,230.0,2025-01-14,2025-04-19,85058.03571428571,51034.82142857143,False
46116173,2,2.0,6,apartamento,92782985,Meia Praia,2q,31,28699.5,415.9347826086956,300.0,2025-02-25,2025-04-20,151816.1956521739,91089.71739130434,True
939698664229028471,2,2.0,6,apartamento,526864320,Morretes,2q,39,27953.5,317.65340909090907,300.0,2025-01-23,2025-04-16,115943.49431818181,69566.09659090909,True
1182070530301053205,1,1.0,4,apartamento,227777128,Centro,Studio/1q,76,104063.5834,598.0665712643678,575.0,2025-01-15,2025-04-20,218294.29851149424,130976.57910689653,False
15909831,3,3.0,6,apartamento,101640501,Meia Praia,3q+,78,142246.5001,752.6269846560847,790.0,2025-02-02,2025-04-20,274708.8493994709,164825.30963968253,True
844864653127085626,3,3.0,8,apartamento,53499566,Meia Praia,3q+,76,208681.1671,1048.6490809045226,1090.0,2025-01-12,2025-04-20,382756.91453015077,229654.14871809047,False
30922946,1,1.0,2,outros,168195965,Meia Praia,Studio/1q,71,14172.0,199.6056338028169,150.0,2025-01-12,2025-04-06,72856.05633802817,43713.6338028169,True
40576710,4,2.0,10,casa,312877252,Meia Praia,3q+,59,31950.0,541.5254237288135,500.0,2025-01-22,2025-04-17,197656.77966101692,118594.06779661015,False
572368704250611987,2,2.0,5,apartamento,187183025,Meia Praia,2q,36,18239.0,506.6388888888889,550.0,2025-02-23,2025-04-07,184923.19444444447,110953.91666666667,True
46222390,2,1.0,6,apartamento,174214314,Meia Praia,2q,73,35283.0,483.32876712328766,500.0,2025-01-30,2025-04-19,176415.0,105849.0,False
38980085,3,3.0,8,apartamento,18945210,Meia Praia,3q+,90,224874.0,995.0176991150443,930.0,2025-01-13,2025-04-20,363181.4601769911,217908.87610619466,False
38899673,2,1.0,4,apartamento,31885329,Morretes,2q,78,117113.6052,565.7662086956522,500.0,2025-01-23,2025-04-19,206504.66617391305,123902.79970434782,False
51507847,3,2.0,6,apartamento,291010584,Meia Praia,3q+,16,7000.0,437.5,400.0,2025-02-19,2025-04-07,159687.5,95812.5,False
703538637731385185,2,1.0,6,apartamento,115375904,Meia Praia,2q,76,77757.16668,407.10558471204183,404.5,2025-01-28,2025-04-20,148593.53841989528,89156.12305193716,True
1209010210831577821,3,3.0,8,apartamento,550084557,Centro,3q+,77,83365.0,1082.6623376623377,1000.0,2025-01-19,2025-04-05,395171.75324675324,237103.05194805193,False
792184367926408145,2,2.0,6,apartamento,266264213,Meia Praia,2q,57,40824.66668,385.1383649056604,396.0,2025-02-17,2025-04-19,140575.50319056606,84345.30191433964,False
53825192,3,3.0,7,apartamento,416640660,Meia Praia,3q+,50,95699.45,929.1208737864077,633.0,2025-01-18,2025-04-20,339129.11893203884,203477.4713592233,True
20863370,3,3.0,7,apartamento,148104047,Meia Praia,3q+,18,9142.75,507.93055555555554,500.0,2025-03-19,2025-04-13,185394.65277777778,111236.79166666667,True
54287612,2,2.0,6,apartamento,330683989,Centro,2q,63,57987.00006,426.37500044117644,399.0,2025-01-28,2025-04-20,155626.8751610294,93376.12509661763,False
10340400,3,2.0,6,apartamento,10735772,Meia Praia,3q+,6,5400.0,300.0,300.0,2025-03-06,2025-03-19,109500.0,65700.0,False
36632832,3,2.0,8,apartamento,274985150,Meia Praia,3q+,74,110191.5,576.9188481675393,450.0,2025-01-15,2025-04-20,210575.37958115185,126345.2277486911,False
834645644371228115,1,1.0,2,outros,502728316,Centro,Studio/1q,38,11400.0,300.0,300.0,2025-01-22,2025-02-28,109500.0,65700.0,False
40236441,1,1.0,2,casa,106009433,Morretes,Studio/1q,47,11151.0,237.25531914893617,193.0,2025-01-14,2025-03-31,86598.1914893617,51958.914893617024,True
734707774394612996,3,2.0,9,apartamento,426641992,Meia Praia,3q+,53,75147.5,1417.877358490566,1400.0,2025-01-29,2025-04-06,517525.23584905657,310515.1415094339,True
53448627,3,2.0,12,apartamento,230786695,Meia Praia,3q+,26,35764.66676,525.9509817647058,475.0,2025-01-22,2025-03-09,191972.10834411762,115183.26500647057,False
44153810,2,1.0,4,apartamento,155422184,Alto Sao Bento,2q,48,9042.0,188.375,199.0,2025-03-04,2025-04-20,68756.875,41254.125,False
766788707373767791,3,3.0,8,apartamento,99937934,Meia Praia,3q+,40,43182.55,490.71079545454546,520.0,2025-02-09,2025-04-19,179109.4403409091,107465.66420454545,True
580407424598756855,3,2.0,10,apartamento,175710937,Meia Praia,3q+,23,27837.8333,471.82768305084744,365.0,2025-02-28,2025-04-07,172217.1043135593,103330.26258813558,True
40351988,3,2.0,7,apartamento,25547312,Meia Praia,3q+,52,51426.0,364.72340425531917,333.0,2025-02-15,2025-04-14,133124.0425531915,79874.42553191491,True
11567423,3,2.0,6,apartamento,61107521,Centro,3q+,67,144831.0,856.9881656804733,790.0,2025-01-20,2025-04-20,312800.68047337275,187680.40828402364,False
762916089194134311,2,2.0,5,apartamento,485340941,Centro,2q,104,272200.0,1008.1481481481482,1000.0,2025-01-07,2025-04-20,367974.0740740741,220784.44444444447,False
1193347652334673191,3,3.0,6,apartamento,416640660,Meia Praia,3q+,66,162109.1,959.2254437869823,1025.0,2025-02-02,2025-04-15,350117.28698224854,210070.37218934912,True
1265295313956605287,1,1.0,2,apartamento,227777128,Centro,Studio/1q,79,80664.4167,397.36165862068964,372.0,2025-01-11,2025-04-20,145037.0053965517,87022.20323793103,False
40400432,3,2.0,8,apartamento,49547377,Ilhota,3q+,64,37538.0,586.53125,500.0,2025-01-11,2025-04-07,214083.90625,128450.34375,False
1066545050089987954,2,1.0,6,apartamento,166763317,Meia Praia,2q,81,87740.0,471.7204301075269,400.0,2025-01-14,2025-04-20,172177.95698924732,103306.7741935484,False
46550767,3,2.0,8,apartamento,162121775,Meia Praia,3q+,47,106870.5,757.9468085106383,800.0,2025-01-28,2025-03-31,276650.585106383,165990.35106382982,False
41786765,3,3.0,8,apartamento,167138552,Meia Praia,3q+,13,3250.0,250.0,250.0,2025-03-29,2025-04-10,91250.0,54750.0,False
9327293,4,3.0,9,apartamento,48408494,Meia Praia,3q+,33,30439.5,922.4090909090909,900.0,2025-01-27,2025-03-31,336679.3181818182,202007.5909090909,True
12359560,3,3.0,6,apartamento,24743808,Meia Praia,3q+,51,70033.6661,700.336661,602.5,2025-02-13,2025-04-20,255622.881265,153373.728759,False
53986731,3,2.0,6,apartamento,431890947,Centro,3q+,15,14349.333279999999,318.87407288888886,300.5,2025-03-06,2025-03-30,116389.03660444444,69833.42196266666,True
39820601,2,2.0,6,apartamento,204156283,Meia Praia,2q,33,11385.0,345.0,345.0,2025-03-05,2025-04-06,125925.0,75555.0,False
1265370363028714118,1,1.0,2,apartamento,227777128,Centro,Studio/1q,84,80307.25,399.53855721393035,382.0,2025-01-12,2025-04-20,145831.5733830846,87498.94402985075,False
1043497443334655968,2,2.0,5,apartamento,125705698,Centro,2q,42,36575.1667,870.8373023809525,870.0,2025-03-06,2025-04-20,317855.6153690476,190713.36922142855,False
766156195693050227,5,5.0,16,apartamento,108479878,Meia Praia,3q+,53,97368.5,1837.1415094339623,1897.0,2025-02-10,2025-04-07,670556.6509433963,402333.99056603777,False
16662563,4,3.0,11,apartamento,25984866,Meia Praia,3q+,62,321408.0,1728.0,1728.0,2025-01-29,2025-03-31,630720.0,378432.0,True
45512442,4,2.0,8,apartamento,80526805,Centro,3q+,61,41253.5,676.2868852459017,790.0,2025-01-10,2025-04-07,246844.7131147541,148106.82786885244,False
45726200,3,3.0,11,apartamento,108479878,Meia Praia,3q+,45,175989.5,1491.4364406779662,1590.0,2025-01-11,2025-04-20,544374.3008474576,326624.58050847455,False
48254075,2,2.0,5,apartamento,59078946,Meia Praia,2q,20,25019.0,490.5686274509804,509.0,2025-01-29,2025-02-28,179057.54901960783,107434.5294117647,True
45803876,3,3.0,7,apartamento,31856877,Meia Praia,3q+,78,89345.5,531.8184523809524,450.0,2025-01-20,2025-04-20,194113.73511904763,116468.24107142858,True
14884678,3,2.0,6,apartamento,46714863,Meia Praia,3q+,42,41030.0,577.887323943662,595.0,2025-03-10,2025-04-20,210928.87323943662,126557.32394366196,False
964579064376617710,3,0.0,8,apartamento,227777128,Meia Praia,3q+,74,157851.0,853.2486486486487,743.0,2025-01-31,2025-04-20,311435.75675675675,186861.45405405405,False
41762297,6,3.0,16,casa,374311060,Sertaozinho,3q+,96,266288.0,1664.3,1651.25,2025-01-14,2025-04-19,607469.5,364481.7,False
46048941,2,2.0,6,apartamento,88028074,Meia Praia,2q,34,12642.0,371.8235294117647,400.0,2025-02-11,2025-04-06,135715.58823529413,81429.35294117648,True
610155932497817911,2,1.0,5,apartamento,25984866,Canto Da Praia,2q,65,101010.0,518.0,518.0,2025-01-26,2025-03-31,189070.0,113442.0,True
1187061700423806804,1,1.0,4,apartamento,227777128,Centro,Studio/1q,75,119269.3334,608.5170071428572,608.0,2025-01-12,2025-04-20,222108.7076071429,133265.22456428572,False
1208735754877396448,1,1.0,2,apartamento,227777128,Centro,Studio/1q,83,90202.0,433.66346153846155,427.0,2025-01-08,2025-04-20,158287.16346153847,94972.29807692308,False
45911990,3,2.0,6,apartamento,341718421,Morretes,3q+,26,36361.4998,661.1181781818182,560.0,2025-01-27,2025-03-31,241308.13503636364,144784.88102181818,True
45768161,3,2.0,6,apartamento,116665407,Meia Praia,3q+,83,146294.5,696.6404761904762,850.0,2025-01-09,2025-04-20,254273.77380952382,152564.26428571428,False
51403736,1,1.0,2,outros,416312700,Meia Praia,Studio/1q,55,9124.0,165.8909090909091,160.0,2025-01-19,2025-04-06,60550.18181818182,36330.10909090909,False
11044577,1,1.0,4,apartamento,35641044,Centro,Studio/1q,55,21153.85,384.6154545454545,378.0,2025-01-30,2025-04-07,140384.6409090909,84230.78454545453,False
39629644,3,2.0,6,apartamento,61417713,Meia Praia,3q+,27,30788.66668,433.64319267605634,350.0,2025-02-15,2025-04-01,158279.76532676056,94967.85919605634,True
787195284335262595,3,2.0,7,apartamento,307340152,Meia Praia,3q+,63,90551.16666,576.7590233121019,550.0,2025-02-02,2025-04-16,210517.0435089172,126310.22610535032,True
1249371220066552412,1,1.0,4,apartamento,227777128,Centro,Studio/1q,69,107687.6668,598.2648155555556,599.0,2025-01-29,2025-04-20,218366.6576777778,131019.99460666667,False
46604700,1,1.0,4,apartamento,73707795,Ilhota,Studio/1q,87,30514.16666,350.73754781609193,350.0,2025-01-22,2025-04-20,128019.20495287355,76811.52297172413,True
783879004243392314,3,2.0,6,apartamento,229805594,Meia Praia,3q+,81,146465.14915,710.9958696601942,650.0,2025-01-23,2025-04-20,259513.49242597088,155708.09545558252,True
30032994,2,2.0,8,apartamento,39445866,Meia Praia,2q,57,61720.0,428.6111111111111,395.0,2025-01-17,2025-04-06,156443.05555555553,93865.83333333331,True
21077682,4,3.0,10,apartamento,151919621,Meia Praia,3q+,57,87109.9999,791.90909,670.3333,2025-01-09,2025-04-07,289046.81785,173428.09071,True
30153564,2,0.0,6,apartamento,220704302,Meia Praia,2q,55,53355.74998,423.4583331746032,425.5,2025-02-03,2025-04-20,154562.29160873016,92737.3749652381,True
798475021925579344,2,2.0,5,apartamento,170835881,Morretes,2q,48,39697.5,330.8125,300.0,2025-02-04,2025-04-06,120746.5625,72447.9375,True
1189331897618015345,2,2.0,6,apartamento,227777128,Centro,2q,86,148963.9167,719.632447826087,693.0,2025-01-11,2025-04-20,262665.84345652175,157599.50607391304,False
1054265461023254222,1,1.0,4,apartamento,334145183,Meia Praia,Studio/1q,67,88648.0,534.0240963855422,500.0,2025-01-11,2025-04-16,194918.7951807229,116951.27710843373,False
1321022086036905023,2,1.0,5,apartamento,227777128,Centro,2q,91,210538.3334,899.7364675213676,858.0,2025-01-13,2025-04-20,328403.81064529915,197042.28638717948,False
38998610,1,1.0,3,casa,149172647,Meia Praia,Studio/1q,68,13260.0,195.0,195.0,2025-01-22,2025-04-20,71175.0,42705.0,False
1037004838842410100,1,1.0,3,apartamento,96045548,Meia Praia,Studio/1q,35,10877.5,310.7857142857143,330.0,2025-01-28,2025-03-31,113436.78571428571,68062.07142857142,True
668715506986619718,3,3.0,8,apartamento,184451914,Meia Praia,3q+,45,72448.3332,641.1356920353982,565.0,2025-01-13,2025-03-31,234014.52759292032,140408.71655575218,True
1074829679064875721,3,3.0,8,apartamento,177228547,Meia Praia,3q+,6,4494.0,749.0,749.0,2025-04-01,2025-04-06,273385.0,164031.0,True
621626596784793972,3,2.0,8,apartamento,423069187,Meia Praia,3q+,43,22550.0,524.4186046511628,500.0,2025-02-06,2025-03-31,191412.7906976744,114847.67441860464,True
50561328,3,2.0,7,apartamento,310053678,Meia Praia,3q+,13,17725.0,886.25,700.0,2025-02-09,2025-03-07,323481.25,194088.75,True
53314692,1,1.0,5,apartamento,303112828,Centro,Studio/1q,60,97218.7503,665.881851369863,520.0,2025-02-17,2025-04-20,243046.87575,145828.12545,False
797261187302809924,2,2.0,5,apartamento,347330547,Centro,2q,75,105285.6667,551.2338570680629,500.0,2025-01-11,2025-04-20,201200.35782984295,120720.21469790576,True
53643568,3,2.0,7,apartamento,106009433,Meia Praia,3q+,25,43388.5,711.2868852459017,769.0,2025-01-15,2025-03-06,259619.7131147541,155771.82786885244,True
1004910078575857573,3,2.0,7,apartamento,195698497,Meia Praia,3q+,27,55880.0,765.4794520547945,750.0,2025-01-19,2025-03-16,279400.0,167640.0,True
1043599286749467076,2,1.0,4,apartamento,87293045,Morretes,2q,62,31065.5,501.05645161290323,402.25,2025-01-29,2025-03-31,182885.60483870967,109731.3629032258,True
1053030252161966865,2,1.0,6,apartamento,436682532,Casa Branca,2q,83,22968.0,276.72289156626505,280.0,2025-01-28,2025-04-20,101003.85542168675,60602.31325301205,False
3977675,0,1.0,5,apartamento,20614599,Meia Praia,Studio/1q,55,13349.16666,242.7121210909091,198.0,2025-01-25,2025-03-31,88589.92419818182,53153.95451890909,False
772261416620745030,3,3.0,6,apartamento,479754082,Meia Praia,3q+,82,176261.0,835.3601895734597,825.0,2025-01-18,2025-04-20,304906.4691943128,182943.8815165877,False
31560419,2,2.0,6,apartamento,225009501,Centro,2q,47,45492.0,421.22222222222223,449.0,2025-02-04,2025-04-19,153746.11111111112,92247.66666666667,False
45889892,2,2.0,6,apartamento,99610787,Meia Praia,2q,60,94303.5,624.5264900662252,595.0,2025-01-13,2025-04-20,227952.16887417217,136771.3013245033,True
15549803,4,3.0,8,apartamento,74618839,Morretes,3q+,45,80659.0,775.5673076923077,490.0,2025-01-13,2025-04-19,283082.0673076923,169849.24038461538,True
39507664,4,3.0,8,apartamento,197029123,Meia Praia,3q+,39,35977.0,428.29761904761904,429.0,2025-02-15,2025-04-16,156328.63095238095,93797.17857142857,True
1056816282920055514,3,3.0,6,apartamento,25984866,Meia Praia,3q+,63,95411.3334,564.56410295858,540.0,2025-01-11,2025-03-31,206065.89757988168,123639.538547929,True
16618715,3,2.0,8,apartamento,43778102,Meia Praia,3q+,88,170192.75,791.5941860465116,790.0,2025-01-09,2025-04-20,288931.87790697673,173359.12674418604,True
20555680,1,1.0,4,apartamento,110419832,Centro,Studio/1q,19,3800.0,200.0,200.0,2025-04-01,2025-04-19,73000.0,43800.0,False
1977915,3,2.0,6,apartamento,10159650,Meia Praia,3q+,67,137436.5001,864.3805037735849,850.0,2025-02-13,2025-04-20,315498.8838773585,189299.3303264151,True
23787711,3,2.0,6,apartamento,178454858,Meia Praia,3q+,90,36000.0,400.0,400.0,2025-01-06,2025-04-05,146000.0,87600.0,False
45687710,2,1.0,6,apartamento,370169853,Meia Praia,2q,79,33137.0,419.45569620253167,350.0,2025-02-01,2025-04-20,153101.32911392406,91860.79746835443,False
21552865,2,2.0,6,apartamento,118671435,Meia Praia,2q,29,62897.0,739.964705882353,750.0,2025-01-16,2025-03-05,270087.11764705885,162052.27058823532,True
26570136,3,2.0,8,apartamento,199793253,Meia Praia,3q+,82,139007.6187,702.0586803030303,745.83335,2025-01-16,2025-04-20,256251.41831060607,153750.85098636363,False
1269636598524749154,1,1.0,3,apartamento,227777128,Centro,Studio/1q,76,73835.1667,392.74024840425534,374.5,2025-01-27,2025-04-20,143350.1906675532,86010.11440053191,False
8287843,2,2.0,6,apartamento,43698182,Meia Praia,2q,78,125325.0,659.6052631578947,700.0,2025-01-26,2025-04-20,240755.92105263157,144453.55263157893,False
543584528464360785,2,2.0,6,apartamento,23490099,Meia Praia,2q,60,22529.5,375.4916666666667,350.0,2025-02-20,2025-04-20,137054.45833333334,82232.675,True
51990592,3,2.0,12,apartamento,378513320,Meia Praia,3q+,60,57292.8999,954.881665,959.125,2025-01-16,2025-04-07,348531.807725,209119.084635,True
41761142,2,2.0,6,apartamento,329907586,Meia Praia,2q,43,40309.0,395.1862745098039,277.0,2025-01-16,2025-04-17,144242.99019607843,86545.79411764706,True
48080102,3,2.0,8,apartamento,387057033,Meia Praia,3q+,45,44376.0,482.3478260869565,450.0,2025-02-23,2025-04-16,176056.95652173914,105634.17391304347,False
32185033,4,4.0,15,casa,241491790,Sertao Do Trombudo,3q+,41,131450.0,1263.9423076923076,1300.0,2025-01-25,2025-04-14,461338.94230769225,276803.3653846153,True
40532740,2,2.0,6,apartamento,313823117,Meia Praia,2q,40,12385.0,309.625,330.0,2025-02-23,2025-04-16,113013.125,67807.875,True
871084107630048364,2,2.0,6,apartamento,510357759,Meia Praia,2q,54,61281.0,453.93333333333334,450.0,2025-02-09,2025-04-20,165685.66666666666,99411.4,True
15791567,3,3.0,10,apartamento,102161096,Meia Praia,3q+,35,20300.0,580.0,550.0,2025-02-16,2025-04-07,211700.0,127020.0,True
43379132,2,2.0,5,apartamento,92121131,Meia Praia,2q,26,23337.0,440.3207547169811,390.0,2025-01-29,2025-04-16,160717.0754716981,96430.24528301886,True
1173260792743932663,3,2.0,7,apartamento,567717951,Meia Praia,3q+,36,104678.3336,1113.5992936170212,1109.0,2025-01-25,2025-03-05,406463.74217021273,243878.24530212762,True
46896012,3,2.0,8,apartamento,142120218,Meia Praia,3q+,65,92368.6,632.6616438356165,550.0,2025-02-15,2025-04-20,230921.5,138552.9,False
17013106,4,4.0,8,apartamento,114065429,Morretes,3q+,59,104450.0,1770.3389830508474,1500.0,2025-01-14,2025-04-06,646173.7288135593,387704.23728813557,False
674566887638611404,3,2.0,6,apartamento,158295070,Meia Praia,3q+,42,54950.0,533.495145631068,600.0,2025-01-20,2025-04-17,194725.7281553398,116835.43689320388,True
703678241822238330,2,1.0,5,apartamento,477089238,Meia Praia,2q,60,19274.0,321.23333333333335,300.0,2025-02-15,2025-04-20,117250.16666666667,70350.1,True
965310801955633109,2,2.0,6,apartamento,232698226,Meia Praia,2q,63,80715.0,498.24074074074076,500.0,2025-02-05,2025-04-20,181857.87037037036,109114.72222222222,True
904512525045117852,3,2.0,8,apartamento,193868620,Meia Praia,3q+,43,62603.81666,585.0823986915888,607.5,2025-01-24,2025-04-16,213555.0755224299,128133.04531345793,True
40777141,3,4.0,8,apartamento,10345238,Meia Praia,3q+,9,33996.0,1545.2727272727273,1508.0,2025-01-29,2025-02-27,564024.5454545454,338414.72727272724,True
22514231,2,2.0,6,apartamento,140421589,Centro,2q,36,14400.0,400.0,300.0,2025-01-10,2025-04-06,146000.0,87600.0,False
790518755885066166,3,4.0,6,apartamento,492846054,Centro,3q+,51,94550.8333,794.5448176470588,750.0,2025-01-09,2025-04-20,290008.8584411765,174005.31506470588,False
31380471,3,3.0,7,apartamento,235012783,Meia Praia,3q+,78,165685.05,890.7798387096774,800.0,2025-01-16,2025-04-20,325134.64112903224,195080.78467741935,True
21103807,5,4.0,10,apartamento,152170176,Meia Praia,3q+,71,76800.0,1081.6901408450703,1450.0,2025-01-27,2025-04-07,394816.9014084507,236890.1408450704,False
44895797,3,2.0,7,apartamento,220836478,Meia Praia,3q+,13,16190.0,703.9130434782609,705.0,2025-01-27,2025-02-18,256928.26086956522,154156.95652173914,True
1182043782165637473,1,1.0,4,apartamento,227777128,Centro,Studio/1q,75,114807.3334,597.9548614583333,592.33335,2025-01-19,2025-04-20,218253.52443229166,130952.11465937499,False
5443557,1,1.0,5,casa,23425701,Canto Da Praia,Studio/1q,82,65527.5,799.1158536585366,793.0,2025-01-07,2025-04-07,291677.28658536583,175006.37195121948,True
51861410,3,2.0,7,casa,153773579,Varzea,3q+,18,12600.0,700.0,700.0,2025-01-30,2025-02-27,255500.0,153300.0,True
557386903732882183,3,2.0,9,apartamento,442491043,Meia Praia,3q+,53,59861.0,1129.4528301886792,1000.0,2025-02-04,2025-04-06,412250.2830188679,247350.16981132072,False
30910938,2,2.0,6,apartamento,165032197,Meia Praia,2q,56,65862.0,473.8273381294964,450.0,2025-02-15,2025-04-20,172946.9784172662,103768.18705035972,True
806702099486447309,3,2.0,8,apartamento,117542880,Meia Praia,3q+,68,101993.0,603.508875739645,500.0,2025-01-31,2025-04-20,220280.73964497042,132168.44378698224,False
53008127,3,2.0,9,apartamento,424702301,Meia Praia,3q+,56,44852.0,329.79411764705884,300.0,2025-01-19,2025-04-20,120374.85294117648,72224.91176470589,True
53445765,2,2.0,6,apartamento,432757385,Meia Praia,2q,58,55196.75,391.4663120567376,375.0,2025-02-10,2025-04-20,142885.20390070922,85731.12234042553,True
1187772975255244525,1,1.0,2,apartamento,227777128,Centro,Studio/1q,67,67652.00004,397.9529414117647,384.0,2025-01-28,2025-04-20,145252.82361529412,87151.69416917647,False
1058777213156843238,1,1.0,4,apartamento,431113548,Meia Praia,Studio/1q,26,20825.0,443.0851063829787,360.0,2025-02-02,2025-04-16,161726.06382978722,97035.63829787233,True
30491733,4,3.0,9,apartamento,83604067,Meia Praia,3q+,63,116140.9667,800.9721841379311,799.4,2025-01-27,2025-04-20,292354.84721034486,175412.9083262069,False
728531681504670920,2,2.0,10,apartamento,459954966,Tabuleiro Dos Oliveiras,2q,37,5619.16666,151.86936918918917,133.5,2025-01-26,2025-04-20,55432.31975405405,33259.391852432425,True
1019453731090411731,0,1.0,4,apartamento,256850283,Meia Praia,Studio/1q,85,92840.83334,452.88211385365855,380.0,2025-01-26,2025-04-20,165301.97155658537,99181.18293395122,True
754796838418506202,3,2.0,9,apartamento,164952277,Meia Praia,3q+,68,107025.5,604.6638418079096,675.0,2025-01-24,2025-04-20,220702.30225988702,132421.38135593222,False
758758164947604865,1,1.0,2,outros,528643050,Meia Praia,Studio/1q,82,12620.0,153.90243902439025,170.0,2025-01-20,2025-04-20,56174.39024390244,33704.634146341465,False
956676934234107014,3,2.0,9,apartamento,97303436,Meia Praia,3q+,24,33663.0,542.9516129032259,585.0,2025-01-27,2025-03-30,198177.33870967742,118906.40322580645,True
28071688,3,3.0,8,apartamento,128771488,Meia Praia,3q+,41,68099.6664,680.996664,550.0,2025-02-28,2025-04-19,248563.78236,149138.269416,False
1031938290013047428,2,2.0,4,apartamento,227777128,Meia Praia,2q,82,143228.25,660.0380184331797,627.0,2025-01-15,2025-04-20,240913.87672811057,144548.32603686635,False
54246694,3,3.0,8,apartamento,439901451,Meia Praia,3q+,89,176100.0,752.5641025641025,800.0,2025-01-22,2025-04-20,274685.89743589744,164811.53846153847,False
910815231577364751,1,1.0,5,apartamento,370609096,Meia Praia,Studio/1q,65,73967.5,539.9087591240876,500.0,2025-01-13,2025-04-20,197066.69708029198,118240.01824817518,True
681139047695558927,2,2.0,4,apartamento,304829392,Morretes,2q,47,10785.0,229.46808510638297,219.0,2025-01-17,2025-03-17,83755.85106382979,50253.51063829787,False
1284110666632259028,1,1.0,4,apartamento,227777128,Centro,Studio/1q,77,114125.6668,600.6614042105264,600.0,2025-01-14,2025-04-20,219241.41253684214,131544.84752210526,False
13522176,5,6.0,15,apartamento,77681146,Meia Praia,3q+,32,76729.5,2397.796875,2300.0,2025-02-10,2025-04-06,875195.859375,525117.515625,False
21397811,3,2.0,8,apartamento,92806193,Meia Praia,3q+,68,131531.4166,710.9806302702702,600.0,2025-01-27,2025-04-16,259507.93004864865,155704.7580291892,False
37744392,3,2.0,6,apartamento,265805292,Meia Praia,3q+,79,56957.0,720.9746835443038,680.0,2025-01-19,2025-04-07,263155.7594936709,157893.45569620252,False
836385234465202348,3,4.0,7,apartamento,104163128,Meia Praia,3q+,48,123782.0,1167.754716981132,1040.0,2025-01-26,2025-03-31,426230.4716981132,255738.2830188679,True
38800430,3,2.0,7,apartamento,296809674,Meia Praia,3q+,34,35493.0,443.6625,415.0,2025-02-08,2025-04-07,161936.8125,97162.0875,True
1266717192483343855,2,2.0,6,apartamento,145863045,Meia Praia,2q,62,37200.0,600.0,550.0,2025-02-18,2025-04-20,219000.0,131400.0,False
21743476,3,3.0,7,apartamento,127219435,Meia Praia,3q+,56,38756.6452,692.08295,650.0,2025-02-10,2025-04-06,252610.27675,151566.16605,False
1091408953130822622,2,1.0,6,apartamento,562062085,Centro,2q,48,14910.0,310.625,280.0,2025-01-13,2025-04-07,113378.125,68026.875,True
1208757855935244741,1,1.0,2,apartamento,227777128,Centro,Studio/1q,82,78794.1667,393.9708335,374.5,2025-01-13,2025-04-20,143799.3542275,86279.6125365,False
1053851019443958006,2,2.0,5,apartamento,552458835,Centro,2q,90,139962.8332,575.9787374485596,520.0,2025-01-21,2025-04-20,210232.23916872428,126139.34350123456,True
1214464056304542513,2,1.0,5,apartamento,227777128,Centro,2q,87,144512.25,711.8830049261084,668.6667,2025-01-21,2025-04-20,259837.29679802954,155902.3780788177,False
37347085,3,2.0,6,apartamento,264282150,Meia Praia,3q+,90,118746.0,492.7219917012448,492.0,2025-01-19,2025-04-20,179843.52697095435,107906.1161825726,False
39837626,3,3.0,6,apartamento,106051867,Meia Praia,3q+,23,10625.0,461.95652173913044,430.0,2025-03-04,2025-03-31,168614.13043478262,101168.47826086957,False
863830918159371125,3,1.0,6,apartamento,137095078,Casa Branca,3q+,67,22074.0,329.46268656716416,306.0,2025-01-31,2025-04-20,120253.88059701491,72152.32835820895,True
950059146531590785,2,2.0,5,apartamento,325303111,Tabuleiro Dos Oliveiras,2q,17,7974.0,469.05882352941177,397.0,2025-02-08,2025-03-10,171206.4705882353,102723.88235294117,False
767407262472265686,3,2.0,8,apartamento,287334477,Meia Praia,3q+,73,152107.3334,788.1208984455959,800.0,2025-01-12,2025-04-17,287664.1279326425,172598.47675958552,True
53581602,3,2.0,8,apartamento,368521605,Centro,3q+,70,96647.0,528.1256830601093,500.0,2025-02-09,2025-04-19,192765.87431693988,115659.52459016393,False
1267332355220608617,2,2.0,5,apartamento,38393697,Meia Praia,2q,69,46132.0,668.5797101449275,699.0,2025-01-29,2025-04-07,244031.59420289853,146418.9565217391,False
1262982199583014782,2,1.0,6,apartamento,227777128,Centro,2q,83,148662.0,754.6294416243654,703.3333,2025-01-20,2025-04-20,275439.74619289336,165263.84771573602,False
37989675,2,2.0,6,apartamento,288114147,Meia Praia,2q,63,26364.0,418.4761904761905,400.0,2025-01-30,2025-04-20,152743.80952380953,91646.28571428571,True
832123000813215722,0,1.0,4,apartamento,272771814,Meia Praia,Studio/1q,87,114608.5,518.5904977375566,490.0,2025-01-24,2025-04-20,189285.53167420815,113571.31900452489,True
1272260793182499350,2,0.0,5,apartamento,133754844,Morretes,2q,45,25628.63334,569.5251853333333,582.0,2025-02-27,2025-04-19,207876.69264666666,124726.015588,False
618150693526656201,2,2.0,6,apartamento,291557375,Meia Praia,2q,48,14408.0,300.1666666666667,249.0,2025-02-07,2025-04-06,109560.83333333334,65736.5,True
1081972140987250431,2,2.0,4,apartamento,227777128,Meia Praia,2q,63,108930.25,672.408950617284,586.0,2025-01-30,2025-04-20,245429.26697530865,147257.5601851852,False
23108026,2,2.0,5,apartamento,171684111,Meia Praia,2q,74,50270.0,679.3243243243244,590.0,2025-01-07,2025-04-06,247953.3783783784,148772.02702702704,False
873125740517449213,2,1.0,5,apartamento,227777128,Morretes,2q,84,99242.16668,488.8776683743842,446.0,2025-01-17,2025-04-20,178440.34895665024,107064.20937399015,False
40910065,0,1.0,8,apartamento,318699493,Meia Praia,Studio/1q,88,53214.6,604.7113636363637,650.0,2025-01-22,2025-04-19,220719.64772727274,132431.78863636364,False
1226846054624436877,2,1.0,6,apartamento,227777128,Centro,2q,93,150076.75,714.6511904761904,693.0,2025-01-11,2025-04-20,260847.6845238095,156508.6107142857,False
966687088388761169,3,3.0,6,apartamento,157834736,Meia Praia,3q+,97,202361.4,793.5741176470588,850.0,2025-01-14,2025-04-20,289654.55294117646,173792.73176470588,False
28410850,1,1.0,2,apartamento,115337089,Centro,Studio/1q,76,62323.3333,515.0688702479339,494.0,2025-01-26,2025-04-19,188000.13764049587,112800.08258429752,False
17511306,4,2.0,13,casa,3773012,Meia Praia,3q+,62,62487.0,1007.8548387096774,1100.0,2025-01-24,2025-04-06,367867.01612903224,220720.20967741933,False
53340772,3,2.0,7,apartamento,147956363,Meia Praia,3q+,69,88236.5,519.0382352941176,425.0,2025-02-11,2025-04-20,189448.95588235292,113669.37352941175,True
51825638,3,2.0,6,apartamento,368433422,Meia Praia,3q+,74,128397.0,658.4461538461538,650.0,2025-01-27,2025-04-20,240332.84615384616,144199.70769230768,False
1019041007385326527,2,2.0,7,apartamento,108479878,Meia Praia,2q,43,29060.5,675.8255813953489,575.0,2025-02-17,2025-04-07,246676.33720930235,148005.8023255814,False
22306996,2,2.0,5,apartamento,107201107,Meia Praia,2q,30,12125.33332,216.5238092857143,250.0,2025-03-22,2025-04-20,79031.19038928572,47418.71423357143,True
1174263938200349649,1,1.0,2,apartamento,555400325,Centro,Studio/1q,89,135955.3332,568.8507665271966,500.0,2025-01-13,2025-04-20,207630.52978242675,124578.31786945605,True
982642009007231841,1,1.0,4,apartamento,134087687,Centro,Studio/1q,52,25311.91667,275.12952902173913,238.0,2025-01-27,2025-04-07,100422.27809293478,60253.36685576086,True
1233370107101543516,1,1.0,3,apartamento,227777128,Centro,Studio/1q,60,55745.75,409.8952205882353,380.5,2025-01-31,2025-04-20,149611.75551470587,89767.05330882352,False
734991572208138176,1,1.0,3,apartamento,157832796,Centro,Studio/1q,83,23072.0,277.9759036144578,280.0,2025-01-11,2025-04-05,101461.2048192771,60876.722891566256,True
47558531,3,2.0,9,apartamento,383909653,Meia Praia,3q+,90,187146.1239,783.0381753138075,895.2,2025-01-21,2025-04-20,285808.93398953974,171485.36039372385,True
1219597802580113056,1,1.0,4,apartamento,227777128,Centro,Studio/1q,78,115035.3334,602.279232460733,607.0,2025-01-09,2025-04-20,219831.91984816757,131899.15190890053,False
31141252,2,2.0,5,apartamento,139474155,Meia Praia,2q,38,15300.0,402.63157894736844,300.0,2025-02-17,2025-04-07,146960.52631578947,88176.31578947368,True
40449599,3,3.0,8,apartamento,177501787,Meia Praia,3q+,72,105683.5,590.4106145251396,537.0,2025-01-28,2025-04-20,215499.87430167597,129299.92458100557,True
739663897909156017,2,2.0,5,apartamento,83542300,Meia Praia,2q,72,51900.0,720.8333333333334,800.0,2025-01-12,2025-04-07,263104.1666666667,157862.5,False
942057172413556286,1,1.0,1,outros,527469085,Meia Praia,Studio/1q,39,3900.0,100.0,100.0,2025-02-27,2025-04-06,36500.0,21900.0,False
630326155301078742,2,2.0,6,apartamento,367477498,Meia Praia,2q,37,13550.0,366.2162162162162,350.0,2025-02-11,2025-04-07,133668.9189189189,80201.35135135135,False
36908385,3,3.0,7,apartamento,104163128,Meia Praia,3q+,27,40301.0,650.016129032258,455.0,2025-02-15,2025-03-31,237255.88709677418,142353.53225806452,True
30402651,2,2.0,6,apartamento,40710259,Meia Praia,2q,63,100608.5,591.814705882353,550.0,2025-01-07,2025-03-31,216012.36764705885,129607.42058823531,False
968213956640500474,2,2.0,6,apartamento,55102257,Morretes,2q,82,114704.66666,512.0744047321429,498.0,2025-01-14,2025-04-17,186907.15772723214,112144.29463633928,True
47222306,1,1.0,5,apartamento,381366415,Morretes,Studio/1q,47,9385.0,199.68085106382978,175.0,2025-01-27,2025-04-06,72883.51063829787,43730.10638297872,True
1032037416009523135,1,1.0,2,casa,291609302,Areal,Studio/1q,37,20379.5,550.7972972972973,556.0,2025-01-24,2025-03-05,201041.01351351352,120624.6081081081,True
29739100,3,2.0,7,apartamento,221607457,Meia Praia,3q+,89,105005.6667,724.177011724138,720.0,2025-01-22,2025-04-20,264324.60927931033,158594.7655675862,False
28155872,3,2.0,6,apartamento,204047075,Meia Praia,3q+,25,10000.0,400.0,400.0,2025-03-13,2025-04-06,146000.0,87600.0,False
577547502503396579,2,2.0,4,apartamento,448455470,Meia Praia,2q,58,102306.5,668.6699346405229,650.0,2025-01-26,2025-04-17,244064.52614379086,146438.71568627452,True
786807324710664147,4,4.0,8,apartamento,416640660,Meia Praia,3q+,52,146212.2,1249.6769230769232,850.0,2025-02-12,2025-04-17,456132.076923077,273679.2461538462,True
16321793,3,2.0,7,apartamento,106547408,Meia Praia,3q+,74,102472.0,530.9430051813472,450.0,2025-01-18,2025-04-20,193794.19689119174,116276.51813471504,False
53972959,3,3.0,6,apartamento,58396235,Meia Praia,3q+,73,155481.9999,931.029939520958,899.0,2025-01-28,2025-04-20,339825.9279251497,203895.5567550898,True
1280559161534348023,1,1.0,4,apartamento,227777128,Centro,Studio/1q,86,131554.3334,626.4492066666667,597.83335,2025-01-13,2025-04-20,228653.96043333333,137192.37626,False
49050392,3,2.0,8,apartamento,162106468,Meia Praia,3q+,46,102300.0,741.304347826087,700.0,2025-02-09,2025-03-31,270576.0869565217,162345.65217391303,False
15934309,3,2.0,8,apartamento,103411225,Meia Praia,3q+,70,140259.0,806.0862068965517,790.0,2025-02-10,2025-04-20,294221.4655172414,176532.87931034484,False
676838365540390245,2,2.0,6,apartamento,275635094,Meia Praia,2q,20,5000.0,250.0,250.0,2025-04-01,2025-04-20,91250.0,54750.0,False
1016100494032497541,1,1.0,2,casa,171631709,Sertaozinho,Studio/1q,78,28914.0,370.6923076923077,369.0,2025-01-07,2025-04-06,135302.6923076923,81181.61538461539,True
43300431,4,3.0,10,apartamento,170767051,Meia Praia,3q+,88,212700.0,2417.0454545454545,2500.0,2025-01-09,2025-04-06,882221.5909090909,529332.9545454546,False
43499385,2,3.0,5,apartamento,184449418,Ilhota,2q,69,41096.0,595.5942028985507,585.0,2025-01-28,2025-04-20,217391.884057971,130435.1304347826,True
42841323,1,1.0,4,apartamento,76169718,Centro,Studio/1q,23,25701.0,484.92452830188677,500.0,2025-01-20,2025-04-08,176997.45283018867,106198.47169811321,True
1208746927423730353,1,1.0,2,apartamento,227777128,Centro,Studio/1q,79,80064.6667,394.4072251231527,379.0,2025-01-12,2025-04-20,143958.63716995076,86375.18230197045,False
53794321,2,2.0,5,apartamento,86779574,Meia Praia,2q,67,127899.7241,739.3047635838151,749.0,2025-01-11,2025-04-07,269846.2387080925,161907.74322485548,False
47325492,3,3.0,8,apartamento,153822249,Meia Praia,3q+,89,150727.2663,666.9348066371681,630.2857,2025-01-22,2025-04-20,243431.20442256634,146058.7226535398,False
47232230,3,2.0,6,apartamento,59078946,Meia Praia,3q+,16,43911.0,934.2765957446809,903.0,2025-02-12,2025-02-27,341010.9574468085,204606.5744680851,True
1263128865886946817,1,1.0,2,apartamento,227777128,Centro,Studio/1q,93,139132.0834,592.0514187234043,607.0,2025-01-12,2025-04-20,216098.76783404255,129659.26070042553,False
46704215,2,2.0,4,apartamento,377474773,Meia Praia,2q,11,6420.6515,583.6955909090909,580.0,2025-02-03,2025-02-13,213048.8906818182,127829.33440909091,True
30105402,3,2.0,8,apartamento,75776806,Meia Praia,3q+,91,194145.6666,802.254820661157,900.0,2025-01-20,2025-04-20,292823.0095413223,175693.80572479338,False
1233994658216308874,1,1.0,3,apartamento,227777128,Centro,Studio/1q,61,57907.5,410.6914893617021,377.0,2025-01-09,2025-04-20,149902.39361702127,89941.43617021276,False
1264729892004302735,1,2.0,4,apartamento,457352273,Centro,Studio/1q,35,15954.4,455.84,450.0,2025-02-19,2025-04-19,166381.59999999998,99828.95999999998,False
32486859,4,4.0,8,apartamento,244081776,Meia Praia,3q+,51,117555.5,911.2829457364342,899.0,2025-01-10,2025-04-16,332618.2751937985,199570.96511627908,True
53973724,3,2.0,6,apartamento,323002255,Meia Praia,3q+,69,94766.3333,596.0146748427672,589.0,2025-01-30,2025-04-20,217545.35631761004,130527.21379056602,False
46072703,3,3.0,8,apartamento,157399374,Meia Praia,3q+,45,80653.5,746.7916666666666,584.0,2025-02-10,2025-04-16,272578.9583333333,163547.37499999997,True
552912581186899747,7,3.0,16,casa,437151086,Meia Praia,3q+,49,61740.0,1260.0,1300.0,2025-02-12,2025-04-07,459900.0,275940.0,False
40342798,3,3.0,6,apartamento,311775037,Meia Praia,3q+,81,141720.0,656.1111111111111,700.0,2025-01-30,2025-04-20,239480.55555555553,143688.3333333333,False
32600458,3,3.0,8,apartamento,245049761,Meia Praia,3q+,53,73823.8333,590.5906664,511.1111,2025-01-19,2025-04-16,215565.59323600002,129339.3559416,True
779104726998664227,2,2.0,6,apartamento,263431587,Meia Praia,2q,38,15656.0,412.0,400.0,2025-01-31,2025-04-06,150380.0,90228.0,True
27338096,3,3.0,8,apartamento,68384276,Centro,3q+,89,123141.0,1383.6067415730338,1350.0,2025-01-08,2025-04-06,505016.4606741573,303009.8764044944,False
10982940,4,4.0,8,apartamento,56982344,Meia Praia,3q+,75,135000.0,1800.0,1800.0,2025-01-23,2025-04-20,657000.0,394200.0,False
1191261348067720296,2,1.0,6,apartamento,227777128,Centro,2q,67,117944.9166,702.053075,644.0,2025-01-17,2025-04-20,256249.372375,153749.623425,False
34866449,3,2.0,8,apartamento,262658644,Meia Praia,3q+,74,80607.5,485.58734939759034,400.0,2025-01-18,2025-04-20,177239.38253012046,106343.62951807228,False
1088251024341369589,2,3.0,5,apartamento,433470454,Morretes,2q,14,12250.0,612.5,600.0,2025-01-25,2025-02-07,223562.5,134137.5,True
553578003486746447,2,2.0,6,apartamento,157541365,Meia Praia,2q,15,11250.0,750.0,650.0,2025-02-18,2025-03-04,273750.0,164250.0,False
754141022905987471,3,2.0,8,apartamento,222631895,Meia Praia,3q+,80,159543.5001,749.0305169014084,800.0,2025-01-31,2025-04-20,273396.1386690141,164037.68320140845,True
1045077329214831775,2,2.0,8,casa,381366415,Morretes,2q,31,24800.0,800.0,800.0,2025-03-20,2025-04-19,292000.0,175200.0,True
53365226,2,2.0,5,apartamento,416060600,Meia Praia,2q,54,18785.0,347.8703703703704,405.0,2025-01-08,2025-04-06,126972.68518518518,76183.61111111111,False
735732850757918650,3,2.0,6,apartamento,416640660,Meia Praia,3q+,35,122299.3333,1422.0852709302326,950.0,2025-02-26,2025-04-16,519061.1238895349,311436.67433372093,True
1015691857467598452,3,2.0,6,apartamento,25984866,Meia Praia,3q+,55,209952.0,1272.4363636363637,1296.0,2025-01-20,2025-03-31,464439.27272727276,278663.56363636366,True
30209117,3,2.0,9,apartamento,226895782,Meia Praia,3q+,42,19755.0,470.35714285714283,450.0,2025-01-21,2025-03-31,171680.35714285713,103008.21428571428,True
32697747,2,2.0,5,apartamento,244978209,Meia Praia,2q,34,12307.93332,361.99803882352944,350.0,2025-01-29,2025-04-07,132129.28417058825,79277.57050235294,False
911476333007658783,2,2.0,8,apartamento,123340570,Meia Praia,2q,53,34972.5,253.42391304347825,200.0,2025-01-27,2025-04-17,92499.72826086957,55499.836956521736,False
897144549301156856,3,2.0,6,apartamento,327796301,Meia Praia,3q+,35,44655.0,1014.8863636363636,850.0,2025-01-07,2025-03-05,370433.5227272727,222260.11363636362,True
1037047027853581998,2,2.0,5,apartamento,13707751,Centro,2q,43,98404.75,1035.8394736842106,890.0,2025-01-08,2025-03-31,378081.40789473685,226848.84473684212,True
41141790,3,2.0,8,apartamento,310733490,Meia Praia,3q+,39,50312.7,729.1695652173912,723.0,2025-01-31,2025-03-10,266146.8913043478,159688.13478260866,False
41270247,3,2.0,9,apartamento,158477705,Meia Praia,3q+,27,28360.8333,603.421985106383,600.0,2025-02-22,2025-04-20,220249.0245638298,132149.41473829787,True
1075444278753674442,2,1.0,6,apartamento,28576616,Meia Praia,2q,45,27021.0,600.4666666666667,650.0,2025-01-30,2025-04-07,219170.33333333334,131502.2,False
45621607,2,1.0,4,apartamento,61270790,Meia Praia,2q,71,64826.40715,348.5290706989247,350.0,2025-02-01,2025-04-20,127213.11080510753,76327.86648306451,False
41883230,3,3.0,7,apartamento,13091719,Meia Praia,3q+,53,28380.0,535.4716981132076,470.0,2025-02-04,2025-04-20,195447.16981132078,117268.30188679247,False
785658004981722606,2,2.0,6,apartamento,235992463,Tabuleiro Dos Oliveiras,2q,79,144856.75,693.0944976076555,690.75,2025-01-17,2025-04-20,252979.49162679428,151787.69497607657,False
25104649,4,3.0,12,apartamento,186109158,Meia Praia,3q+,57,80069.0,714.9017857142857,890.0,2025-01-06,2025-04-07,260939.15178571426,156563.49107142855,True
645092818132652927,2,1.0,6,apartamento,456504598,Meia Praia,2q,29,10415.0,359.13793103448273,320.0,2025-02-21,2025-04-07,131085.3448275862,78651.20689655172,True
836415940545761422,1,1.0,4,apartamento,272771814,Meia Praia,Studio/1q,60,31295.5,521.5916666666667,490.0,2025-01-29,2025-04-07,190380.95833333334,114228.575,True
605748852048435444,3,2.0,6,apartamento,93034042,Meia Praia,3q+,61,68316.91686,443.6163432467532,450.0,2025-01-26,2025-04-20,161919.9652850649,97151.97917103894,True
41676390,2,2.0,6,apartamento,173165778,Meia Praia,2q,90,147739.4999,607.9814810699588,600.0,2025-01-21,2025-04-20,221913.24059053496,133147.94435432096,False
16586622,3,2.0,6,apartamento,109364961,Meia Praia,3q+,80,105074.8667,636.817373939394,600.0,2025-01-31,2025-04-20,232438.3414878788,139463.00489272727,True
52652931,2,2.0,5,apartamento,92121131,Meia Praia,2q,46,20105.0,437.0652173913044,390.0,2025-01-15,2025-04-06,159528.8043478261,95717.28260869566,True
1292815457899461748,2,1.0,4,apartamento,227777128,Centro,2q,72,106964.75,717.8842281879195,644.0,2025-01-12,2025-04-20,262027.7432885906,157216.64597315434,False
1269623861253689862,1,1.0,3,apartamento,227777128,Centro,Studio/1q,65,62739.0833,407.3966448051948,380.0,2025-01-26,2025-04-20,148699.7753538961,89219.86521233767,False
26898492,2,2.0,10,casa,183738964,Ilhota,2q,38,14200.0,373.6842105263158,350.0,2025-02-13,2025-04-07,136394.73684210525,81836.84210526315,False
856482117556875618,2,2.0,6,apartamento,420975698,Meia Praia,2q,26,13410.0,362.43243243243245,370.0,2025-03-22,2025-04-16,132287.83783783784,79372.7027027027,True
51785337,2,2.0,6,apartamento,416896363,Morretes,2q,56,45068.96664,319.63806127659575,317.0,2025-02-12,2025-04-20,116667.89236595745,70000.73541957447,False
1254384361135492137,2,2.0,4,apartamento,227777128,Morretes,2q,86,144231.5,638.1924778761062,604.0,2025-01-14,2025-04-20,232940.25442477874,139764.15265486724,False
815806026505024003,3,2.0,9,apartamento,99823795,Meia Praia,3q+,33,88824.0,897.2121212121212,900.0,2025-01-27,2025-03-17,327482.42424242425,196489.45454545456,False
1131810056799937593,3,2.0,6,apartamento,227777128,Tabuleiro Dos Oliveiras,3q+,81,160542.25,775.5664251207729,680.0,2025-01-20,2025-04-20,283081.74516908213,169849.04710144928,False
1207881809440158991,1,1.0,2,apartamento,227777128,Centro,Studio/1q,92,102142.6667,434.6496455319149,427.0,2025-01-19,2025-04-20,158647.12061914895,95188.27237148937,False
26197944,2,2.0,6,apartamento,196896931,Meia Praia,2q,75,74759.5,473.1613924050633,450.0,2025-02-05,2025-04-20,172703.9082278481,103622.34493670885,False
1257312272803306995,2,2.0,4,apartamento,227777128,Meia Praia,2q,82,117389.6667,558.9984128571429,545.0,2025-01-12,2025-04-20,204034.42069285715,122420.65241571428,False
678242953903453952,2,2.0,6,apartamento,263236296,Meia Praia,2q,49,45136.5,358.2261904761905,350.0,2025-01-24,2025-04-16,130752.55952380953,78451.53571428571,True
30756202,2,2.0,6,apartamento,230148203,Meia Praia,2q,76,42927.6667,564.8377197368421,550.0,2025-01-11,2025-04-06,206165.76770394738,123699.46062236842,False
807400945391416643,4,3.0,12,apartamento,23497844,Centro,3q+,41,55518.0,711.7692307692307,850.0,2025-01-12,2025-04-19,259795.76923076922,155877.46153846153,True
38514587,4,3.0,7,apartamento,18104687,Meia Praia,3q+,92,214521.9167,868.5097842105263,874.625,2025-01-19,2025-04-20,317006.0712368421,190203.64274210524,False
1248685472424986601,2,2.0,6,apartamento,652421568,Morretes,2q,38,11105.0,292.2368421052632,280.5,2025-02-01,2025-04-06,106666.44736842105,63999.868421052626,False
840525492567265584,4,3.0,11,casa,503226026,Centro,3q+,44,134520.0,1269.0566037735848,1000.0,2025-02-16,2025-04-17,463205.66037735844,277923.39622641506,True
39316910,4,3.0,10,apartamento,301873812,Meia Praia,3q+,15,10260.0,684.0,790.0,2025-03-05,2025-04-20,249660.0,149796.0,False
39394644,3,2.0,8,apartamento,298545921,Meia Praia,3q+,90,172567.9998,763.5752203539822,800.0,2025-01-21,2025-04-20,278704.9554292035,167222.9732575221,False
30795921,3,3.0,8,apartamento,230398122,Meia Praia,3q+,22,33000.0,1500.0,1500.0,2025-03-16,2025-04-06,547500.0,328500.0,False
21091876,3,2.0,6,apartamento,13485904,Meia Praia,3q+,91,177365.5,767.8160173160173,700.0,2025-01-08,2025-04-20,280252.84632034635,168151.7077922078,False
1307990676918354925,1,1.0,4,apartamento,227777128,Centro,Studio/1q,87,136896.8334,605.7382008849557,607.0,2025-01-13,2025-04-20,221094.44332300883,132656.6659938053,False
687757820659405525,2,2.0,6,apartamento,323043033,Morretes,2q,90,137294.0,574.4518828451883,557.5,2025-01-11,2025-04-20,209674.93723849373,125804.96234309624,False
770131545986036241,3,3.0,8,apartamento,363548107,Meia Praia,3q+,78,195276.9167,971.5269487562189,900.0,2025-01-13,2025-04-20,354607.3362960199,212764.40177761193,True
792096103347120988,2,2.0,6,apartamento,493214604,Tabuleiro Dos Oliveiras,2q,59,58831.25,470.65,481.75,2025-01-23,2025-04-06,171787.25,103072.34999999999,False
52619006,2,2.0,6,apartamento,423069187,Centro,2q,58,73068.00016,507.4166677777778,480.0,2025-01-11,2025-04-19,185207.08373888888,111124.25024333333,True
41686810,2,2.0,2,outros,210489555,Meia Praia,2q,59,5630.0,95.42372881355932,100.0,2025-02-13,2025-04-20,34829.661016949154,20897.79661016949,False
25918412,2,2.0,5,apartamento,155904224,Meia Praia,2q,64,27499.83333,429.68489578125,390.0,2025-02-03,2025-04-07,156834.98696015627,94100.99217609376,True
956398979498945273,3,3.0,8,apartamento,427257613,Meia Praia,3q+,39,48666.0,477.11764705882354,500.0,2025-03-07,2025-04-14,174147.9411764706,104488.76470588236,True
1070343877574441166,2,2.0,5,apartamento,21967480,Morretes,2q,22,10477.5,317.5,300.0,2025-01-13,2025-04-17,115887.5,69532.5,True
31430342,2,2.0,7,apartamento,228740317,Meia Praia,2q,59,27375.0,463.9830508474576,450.0,2025-02-08,2025-04-07,169353.81355932204,101612.28813559322,False
46088002,2,3.0,5,apartamento,25984866,Meia Praia,2q,58,103032.0,648.0,648.0,2025-01-28,2025-03-31,236520.0,141912.0,True
53918137,2,2.0,6,apartamento,433363775,Meia Praia,2q,62,26917.3334,434.1505387096774,415.5,2025-01-19,2025-04-07,158464.94662903226,95078.96797741935,False
39745810,4,5.0,8,apartamento,192636688,Meia Praia,3q+,89,209379.4644,2352.5782516853933,2250.0,2025-01-22,2025-04-20,858691.0618651685,515214.63711910107,False
703527486074504582,2,1.0,5,apartamento,477089238,Meia Praia,2q,74,59659.25,344.85115606936415,300.0,2025-01-27,2025-04-20,125870.67196531792,75522.40317919075,True
1199996219082185363,2,1.0,5,apartamento,123340570,Morretes,2q,65,37601.0,227.88484848484848,200.0,2025-01-23,2025-04-16,83177.9696969697,49906.781818181815,False
1276789839775235217,2,2.0,4,apartamento,20508734,Morretes,2q,43,18493.0,430.06976744186045,500.0,2025-02-02,2025-04-07,156975.46511627905,94185.27906976744,True
33336758,2,2.0,6,apartamento,157399374,Meia Praia,2q,36,45892.33344,454.379539009901,452.0,2025-02-12,2025-04-06,165848.53173861388,99509.11904316832,True
923133320997277084,0,1.0,4,apartamento,398356920,Meia Praia,Studio/1q,53,59363.5,427.07553956834533,550.0,2025-01-18,2025-04-16,155882.57194244605,93529.54316546764,True
48158176,2,2.0,6,apartamento,158602376,Meia Praia,2q,33,31931.66666,380.1388888095238,390.0,2025-02-05,2025-04-20,138750.69441547617,83250.4166492857,True
745632820094188215,3,3.0,8,apartamento,485070900,Meia Praia,3q+,16,20348.0,726.7142857142857,800.0,2025-02-01,2025-03-09,265250.71428571426,159150.42857142855,False
1086855144095843601,2,1.0,4,apartamento,87293045,Casa Branca,2q,68,33538.16666,493.20833323529416,490.0,2025-01-23,2025-03-31,180021.04163088236,108012.62497852942,True
694947516825280143,3,2.0,8,apartamento,475336436,Meia Praia,3q+,23,15887.0,330.9791666666667,330.0,2025-02-07,2025-04-16,120807.39583333334,72484.4375,True
766052072199682693,1,2.0,6,apartamento,115375904,Meia Praia,Studio/1q,57,90241.5001,626.6770840277778,550.0,2025-02-12,2025-04-20,228737.1356701389,137242.28140208335,True
52969803,2,2.0,5,apartamento,316784417,Centro,2q,70,62263.0,357.8333333333333,350.0,2025-01-22,2025-04-20,130609.16666666666,78365.49999999999,True
18735821,2,2.0,8,apartamento,46560089,Meia Praia,2q,44,11027.0,250.61363636363637,250.0,2025-02-10,2025-04-06,91473.97727272728,54884.38636363637,False
1083424325445690046,2,3.0,5,apartamento,85757961,Meia Praia,2q,54,32541.6667,602.6234574074074,550.0,2025-02-12,2025-04-06,219957.5619537037,131974.53717222222,True
28429135,0,0.0,8,apartamento,106754227,Meia Praia,Studio/1q,63,27289.63332,433.16878285714284,330.8,2025-02-17,2025-04-20,158106.60574285715,94863.96344571428,False
30354217,3,2.0,8,apartamento,162684865,Meia Praia,3q+,27,9384.5,347.5740740740741,320.0,2025-01-18,2025-04-07,126864.53703703704,76118.72222222222,False
1036955655225647222,2,2.0,6,apartamento,230350086,Centro,2q,70,32415.0,463.07142857142856,500.0,2025-01-13,2025-04-07,169021.07142857142,101412.64285714286,True
15500038,3,2.0,9,apartamento,84162292,Meia Praia,3q+,88,105798.4167,508.6462341346154,428.2,2025-01-15,2025-04-20,185655.8754591346,111393.52527548076,True
26708551,3,2.0,10,apartamento,137095078,Centro,3q+,72,97928.7499,559.5928565714286,478.0,2025-01-14,2025-04-20,204251.39264857143,122550.83558914285,True
52025452,3,2.0,8,apartamento,103095966,Meia Praia,3q+,52,23026.8333,442.8237173076923,400.0,2025-01-28,2025-04-07,161630.6568173077,96978.39409038461,False
939325387438995809,4,5.0,13,apartamento,133147476,Meia Praia,3q+,76,249700.0,1394.9720670391062,1200.0,2025-01-10,2025-04-20,509164.8044692737,305498.8826815642,False
